Rk,Player,Pos,Age,Tm,G,GS,MP,FG,FGA,FG%,3P,3PA,3P%,2P,2PA,2P%,FT,FTA,FT%,ORB,DRB,TRB,AST,STL,BLK,TOV,PF,PTS
1,Alaa Abdelnaby\abdelal01,PF,22,POR,43,0,290,6.8,14.4,.474,0.0,0.0,,6.8,14.4,.474,3.1,5.5,.568,3.4,7.7,11.0,1.5,0.5,1.5,2.7,4.8,16.8
2,Mahmoud Abdul-Rauf\abdulma02,PG,21,DEN,67,19,1505,10.0,24.1,.413,0.6,2.4,.240,9.4,21.7,.432,2.0,2.3,.857,0.8,2.1,2.9,4.9,1.3,0.1,2.6,3.6,22.5
3,Mark Acres\acresma01,C,28,ORL,68,0,1313,3.0,5.9,.509,0.0,0.1,.333,3.0,5.8,.512,1.8,2.8,.653,3.8,6.0,9.8,0.7,0.7,0.7,1.2,6.0,7.8
4,Michael Adams\adamsmi01,PG,28,DEN,66,66,2346,8.6,21.8,.394,2.6,8.7,.296,6.0,13.2,.459,7.1,8.1,.879,0.9,3.0,3.9,10.6,2.3,0.1,3.7,2.5,26.9
5,Mark Aguirre\aguirma01,SF,31,DET,78,13,2006,7.5,16.3,.462,0.4,1.4,.308,7.1,14.9,.477,4.3,5.7,.757,2.4,4.3,6.7,2.5,0.8,0.4,2.3,3.8,19.8
6,Danny Ainge\aingeda01,SG,31,POR,80,0,1710,7.1,15.0,.472,2.1,5.3,.406,4.9,9.7,.508,2.4,2.9,.826,0.9,3.4,4.3,6.0,1.3,0.3,2.1,4.1,18.7
7,Mark Alarie\alarima01,PF,27,WSB,42,1,587,6.1,13.8,.440,0.3,1.3,.238,5.8,12.5,.461,2.5,2.9,.854,2.5,4.7,7.2,2.8,0.9,0.5,2.5,5.4,15.0
8,Steve Alford\alforst01,PG,26,DAL,34,0,236,9.0,17.8,.504,1.1,3.5,.304,7.9,14.3,.553,4.0,4.7,.839,1.5,2.1,3.7,3.4,1.2,0.2,2.4,1.7,23.0
9,Greg Anderson\andergr01,PF,26,TOT,68,2,924,4.5,10.5,.430,0.0,0.0,.000,4.5,10.5,.431,2.3,4.5,.522,3.8,8.6,12.4,0.6,1.4,1.8,3.3,5.5,11.4
9,Greg Anderson\andergr01,PF,26,MIL,26,0,247,3.9,10.6,.370,0.0,0.1,.000,3.9,10.5,.375,2.3,4.1,.571,3.8,7.1,10.9,0.4,1.2,1.3,3.2,4.2,10.2
9,Greg Anderson\andergr01,PF,26,NJN,1,0,18,8.0,8.0,1.000,0.0,0.0,,8.0,8.0,1.000,0.0,0.0,,8.0,4.0,12.0,2.0,4.0,0.0,2.0,8.0,16.0
9,Greg Anderson\andergr01,PF,26,DEN,41,2,659,4.6,10.5,.440,0.0,0.0,,4.6,10.5,.440,2.4,4.8,.506,3.7,9.3,12.9,0.7,1.4,2.0,3.3,5.8,11.7
10,Nick Anderson\anderni01,SG,23,ORL,70,42,1971,7.3,15.7,.467,0.3,1.1,.293,7.0,14.6,.479,3.2,4.7,.668,1.7,5.4,7.1,1.9,1.4,0.8,2.1,2.6,18.1
11,Ron Anderson\anderro01,SF,32,PHI,82,13,2340,7.9,16.2,.485,0.1,0.7,.209,7.7,15.6,.497,2.5,3.0,.833,1.6,4.1,5.6,1.8,1.0,0.2,1.5,2.5,18.4
12,Willie Anderson\anderwi01,SG,24,SAS,75,75,2592,6.3,13.8,.457,0.1,0.5,.200,6.2,13.3,.467,2.4,3.0,.798,0.9,3.9,4.9,5.0,1.1,0.6,2.3,3.1,15.0
13,Michael Ansley\anslemi01,SF,23,ORL,67,1,877,5.9,10.8,.548,0.0,0.0,,5.9,10.8,.548,3.7,5.2,.717,5.0,5.4,10.4,1.0,1.1,0.3,1.3,5.1,15.6
14,B.J. Armstrong\armstbj01,PG,23,CHI,82,0,1731,6.3,13.1,.481,0.3,0.6,.500,6.0,12.5,.480,2.0,2.3,.874,0.5,2.6,3.1,6.3,1.5,0.1,2.2,2.5,15.0
15,Vincent Askew\askewvi01,SG,24,GSW,7,0,85,5.1,10.6,.480,0.0,0.0,,5.1,10.6,.480,3.8,4.7,.818,3.0,1.7,4.7,5.5,0.8,0.0,2.5,8.9,14.0
16,Keith Askins\askinke01,SF,23,MIA,39,1,266,4.6,11.0,.420,0.8,3.4,.240,3.8,7.6,.500,1.6,3.4,.480,4.1,5.1,9.2,2.6,2.2,1.8,1.5,6.2,11.6
17,Miloš Babić\babicmi01,PF,22,CLE,12,0,52,4.2,13.2,.316,0.0,0.0,,4.2,13.2,.316,4.8,8.3,.583,4.2,2.1,6.2,2.8,0.7,0.7,3.5,4.8,13.2
18,Thurl Bailey\baileth01,PF,29,UTA,82,22,2486,5.8,12.6,.458,0.0,0.0,.000,5.8,12.6,.459,3.2,3.9,.808,1.5,4.4,5.9,1.8,0.8,1.3,1.9,2.3,14.7
19,Cedric Ball\ballce01,PF,22,LAC,7,0,26,4.2,11.1,.375,0.0,0.0,,4.2,11.1,.375,2.8,2.8,1.000,6.9,8.3,15.2,0.0,0.0,2.8,2.8,6.9,11.1
20,Ken Bannister\bannike01,PF,30,LAC,47,3,339,4.6,8.6,.531,0.0,0.1,.000,4.6,8.5,.538,2.7,6.9,.385,3.6,6.6,10.2,1.0,0.5,0.7,2.7,7.8,11.8
21,Charles Barkley*\barklch01,SF,27,PHI,67,67,2498,9.6,16.8,.570,0.6,2.2,.284,8.9,14.6,.614,6.8,9.5,.722,3.7,6.1,9.8,4.1,1.6,0.5,3.0,2.5,26.6
22,Dana Barros\barroda01,PG,23,SEA,66,0,750,7.4,14.9,.495,1.5,3.9,.395,5.9,11.0,.530,3.7,4.1,.918,0.8,2.6,3.4,5.3,1.1,0.0,2.6,1.9,20.1
23,John Battle\battljo01,SG,28,ATL,79,2,1863,7.7,16.7,.461,0.3,0.9,.286,7.4,15.7,.471,5.2,6.1,.854,0.7,2.4,3.1,4.2,0.9,0.1,2.2,2.8,20.8
24,Kenny Battle\battlke01,SG,26,TOT,56,8,945,5.1,10.7,.472,0.1,0.9,.125,5.0,9.8,.504,2.7,3.5,.753,3.2,3.5,6.7,2.4,2.3,0.7,2.0,4.1,12.9
24,Kenny Battle\battlke01,SG,26,PHO,16,4,263,5.2,11.8,.442,0.0,0.3,.000,5.2,11.5,.452,2.7,4.0,.690,2.9,4.4,7.3,2.1,2.6,0.8,2.3,3.4,13.1
24,Kenny Battle\battlke01,SG,26,DEN,40,4,682,5.0,10.3,.485,0.2,1.2,.136,4.9,9.2,.529,2.6,3.4,.781,3.3,3.2,6.5,2.5,2.2,0.6,1.9,4.4,12.8
25,William Bedford\bedfowi01,C,27,DET,60,4,562,6.8,15.5,.438,0.3,0.8,.385,6.5,14.7,.441,3.5,5.0,.705,3.5,4.9,8.4,2.0,0.1,2.3,2.0,4.9,17.4
26,Benoit Benjamin\benjabe01,C,26,TOT,70,65,2236,6.2,12.5,.496,0.0,0.0,,6.2,12.5,.496,3.4,4.7,.712,2.5,9.1,11.6,1.9,0.9,2.3,3.8,3.0,15.8
26,Benoit Benjamin\benjabe01,C,26,LAC,39,38,1337,6.2,12.5,.492,0.0,0.0,,6.2,12.5,.492,3.3,4.6,.728,2.6,10.1,12.6,2.0,0.7,2.5,3.7,3.0,15.6
26,Benoit Benjamin\benjabe01,C,26,SEA,31,27,899,6.3,12.5,.502,0.0,0.0,,6.3,12.5,.502,3.5,5.0,.690,2.5,7.7,10.2,1.8,1.1,2.2,3.9,3.0,16.1
27,Winston Bennett\bennewi01,SF,25,CLE,27,13,334,4.3,11.5,.374,0.0,0.0,,4.3,11.5,.374,3.8,5.1,.745,3.2,3.7,6.9,3.0,0.9,0.2,2.2,5.4,12.4
28,Larry Bird*\birdla01,SF,34,BOS,60,60,2277,7.3,16.1,.454,1.2,3.1,.389,6.1,12.9,.470,2.6,2.9,.891,0.8,7.2,8.0,6.8,1.7,0.9,3.0,1.9,18.4
29,Rolando Blackman\blackro01,SG,31,DAL,80,80,2965,7.7,16.0,.482,0.5,1.4,.351,7.2,14.6,.494,3.4,4.0,.865,0.8,2.3,3.1,3.7,0.8,0.2,1.9,1.9,19.3
30,Lance Blanks\blankla01,SG,24,DET,38,0,214,4.4,10.3,.426,0.3,2.7,.125,4.0,7.6,.533,1.7,2.4,.714,0.7,2.7,3.4,4.4,1.5,0.3,3.0,5.9,10.8
31,Mookie Blaylock\blaylmo01,PG,23,NJN,72,70,2585,6.0,14.5,.416,0.2,1.3,.154,5.8,13.2,.441,1.9,2.5,.790,0.9,2.5,3.5,6.1,2.4,0.6,2.9,2.5,14.2
32,Muggsy Bogues\boguemu01,PG,26,CHH,81,46,2299,3.8,8.2,.460,0.0,0.2,.000,3.8,8.0,.471,1.3,1.7,.796,0.9,2.5,3.4,10.5,2.1,0.0,1.9,2.5,8.9
33,Manute Bol\bolma01,C,28,PHI,82,6,1522,1.5,3.9,.396,0.0,0.3,.071,1.5,3.5,.427,0.6,1.0,.585,1.6,6.7,8.3,0.5,0.4,5.8,1.5,4.4,3.7
34,Anthony Bonner\bonnean01,PF,22,SAC,34,6,750,4.9,11.0,.448,0.0,0.0,,4.9,11.0,.448,2.1,3.6,.579,2.8,4.9,7.7,2.4,1.9,0.2,2.0,3.0,12.0
35,Sam Bowie\bowiesa01,C,29,NJN,62,51,1916,5.9,13.6,.434,0.1,0.4,.182,5.8,13.2,.442,3.2,4.3,.732,3.3,5.7,9.0,2.8,0.8,1.7,2.6,3.3,15.1
36,Randy Breuer\breuera01,C,30,MIN,73,44,1505,4.7,10.4,.453,0.0,0.0,,4.7,10.4,.453,0.8,1.9,.443,2.7,5.5,8.3,1.7,0.8,1.9,1.7,3.2,10.3
37,Frank Brickowski\brickfr01,PF,31,MIL,75,73,1912,7.0,13.3,.527,0.0,0.0,.000,7.0,13.3,.528,3.7,4.7,.798,2.4,5.6,8.0,2.5,1.6,0.8,3.0,4.8,17.7
38,Scott Brooks\brooksc01,PG,25,MIN,80,0,980,5.8,13.6,.430,1.7,5.0,.333,4.2,8.6,.485,2.2,2.6,.847,1.0,1.6,2.6,7.5,1.9,0.2,1.9,4.5,15.6
39,Chucky Brown\brownch01,SF,22,CLE,74,51,1485,6.4,12.2,.524,0.0,0.1,.000,6.4,12.1,.528,2.4,3.5,.701,1.9,3.3,5.2,1.9,0.6,0.6,2.3,3.2,15.2
40,Dee Brown\brownde01,PG,22,BOS,82,5,1945,5.3,11.3,.464,0.1,0.6,.206,5.1,10.7,.479,2.5,2.9,.873,0.8,2.6,3.4,6.4,1.5,0.3,2.5,3.0,13.2
41,Mike Brown\brownmi01,C,27,UTA,82,2,1391,3.3,7.4,.454,0.0,0.0,,3.3,7.4,.454,3.4,4.6,.742,2.8,5.9,8.7,1.3,0.8,0.6,2.1,4.3,10.1
42,Tony Brown\brownto01,SG-SF,30,TOT,30,0,294,3.7,9.8,.375,0.4,1.5,.250,3.3,8.3,.397,2.4,2.8,.870,2.9,2.3,5.3,2.0,0.5,0.0,2.0,5.8,10.2
42,Tony Brown\brownto01,SF,30,LAL,7,0,27,2.7,4.0,.667,1.3,1.3,1.000,1.3,2.7,.500,0.0,0.0,,0.0,5.3,5.3,4.0,0.0,0.0,5.3,10.7,6.7
42,Tony Brown\brownto01,SG,30,UTA,23,0,267,3.8,10.4,.364,0.3,1.5,.182,3.5,8.9,.394,2.7,3.1,.870,3.2,2.0,5.3,1.8,0.5,0.0,1.6,5.3,10.5
43,Mark Bryant\bryanma01,PF,25,POR,53,0,781,4.6,9.4,.488,0.0,0.0,.000,4.6,9.3,.490,3.4,4.7,.733,3.0,5.8,8.8,1.2,0.7,0.6,1.5,5.5,12.5
44,Jud Buechler\buechju01,SF,22,NJN,74,10,859,3.9,9.5,.416,0.0,0.2,.250,3.9,9.3,.419,1.8,2.8,.652,2.6,3.4,5.9,2.1,1.4,0.6,1.1,3.3,9.7
45,Matt Bullard\bullama01,PF,23,HOU,18,0,63,8.0,17.7,.452,0.0,1.7,.000,8.0,16.0,.500,6.3,9.7,.647,3.4,4.6,8.0,1.1,1.7,0.0,1.7,5.7,22.3
46,Willie Burton\burtowi01,SF,22,MIA,76,26,1928,6.4,14.4,.441,0.1,0.6,.133,6.3,13.9,.454,4.3,5.5,.782,2.1,2.8,4.9,2.0,1.3,0.4,2.7,5.1,17.1
47,Greg Butler\butlegr01,C,24,LAC,9,0,37,4.9,18.5,.263,0.0,0.0,,4.9,18.5,.263,3.9,5.8,.667,7.8,7.8,15.6,1.0,0.0,0.0,3.9,8.8,13.6
48,Michael Cage\cagemi01,C,29,SEA,82,55,2141,3.8,7.5,.508,0.0,0.1,.000,3.8,7.4,.511,1.2,1.9,.625,3.0,6.4,9.4,1.5,1.4,1.0,1.4,3.3,8.8
49,Adrian Caldwell\caldwad01,PF,24,HOU,42,0,343,3.7,8.7,.422,0.0,0.1,.000,3.7,8.6,.427,0.7,1.8,.412,4.5,6.0,10.5,0.8,2.0,1.0,3.1,3.7,8.1
50,Rick Calloway\callori01,SG,24,SAC,64,0,678,4.0,10.2,.391,0.0,0.1,.000,4.0,10.1,.395,2.9,4.2,.696,1.3,2.8,4.1,3.2,1.2,0.4,2.7,5.2,10.9
51,Elden Campbell\campbel01,PF,22,LAL,52,0,380,5.3,11.7,.455,0.0,0.0,,5.3,11.7,.455,3.0,4.6,.653,3.8,5.3,9.1,0.9,1.0,3.6,1.5,6.7,13.6
52,Tony Campbell\campbto01,SG,28,MIN,77,71,2893,8.1,18.7,.434,0.2,0.8,.262,7.9,17.9,.441,4.5,5.5,.803,2.0,2.3,4.3,2.7,1.5,0.6,2.4,2.5,20.9
53,Antoine Carr\carran01,PF,29,SAC,77,48,2527,8.9,17.5,.511,0.0,0.0,.000,8.9,17.5,.513,4.2,5.5,.758,2.3,3.7,6.0,2.7,0.6,1.4,2.4,4.5,22.1
54,Joe Barry Carroll\carrojo01,C,32,PHO,11,0,96,4.9,13.5,.361,0.0,0.0,,4.9,13.5,.361,4.1,4.5,.917,1.1,7.9,9.0,4.1,0.4,3.0,4.5,6.8,13.9
55,Bill Cartwright\cartwbi01,C,33,CHI,79,79,2273,5.0,10.3,.490,0.0,0.0,,5.0,10.3,.490,2.0,2.8,.697,2.6,5.1,7.7,2.0,0.5,0.2,1.8,2.6,12.0
56,Terry Catledge\catlete01,PF,27,ORL,51,38,1459,7.2,15.6,.462,0.0,0.1,.000,7.2,15.5,.466,4.0,6.4,.624,4.1,4.6,8.8,1.4,0.8,0.2,2.6,2.8,18.4
57,Duane Causwell\causwdu01,C,22,SAC,76,55,1719,4.4,8.6,.508,0.0,0.0,,4.4,8.6,.508,2.2,3.5,.636,3.0,5.2,8.2,1.4,1.0,3.1,2.0,4.7,11.0
58,Cedric Ceballos\cebalce01,SF,21,PHO,63,0,730,10.1,20.7,.487,0.0,0.3,.167,10.0,20.4,.492,5.4,8.2,.663,3.8,3.6,7.4,1.7,1.1,0.2,3.4,3.5,25.6
59,Tom Chambers\chambto01,PF,31,PHO,76,75,2475,8.1,18.5,.437,0.3,1.1,.274,7.8,17.4,.447,5.5,6.7,.826,1.5,5.6,7.1,2.8,0.9,0.8,2.6,3.4,22.0
60,Rex Chapman\chapmre01,PG,23,CHH,70,68,2100,7.0,15.8,.445,0.8,2.5,.324,6.2,13.3,.468,4.0,4.8,.830,0.8,2.5,3.3,4.3,1.3,0.3,2.2,2.9,18.9
61,Maurice Cheeks*\cheekma01,PG,34,NYK,76,64,2147,4.0,8.1,.499,0.1,0.3,.250,4.0,7.8,.510,1.8,2.2,.814,0.4,2.5,2.9,7.3,2.1,0.2,1.8,2.3,9.9
62,Derrick Chievous\chievde01,SF,23,CLE,18,0,110,5.6,15.1,.370,0.0,0.0,,5.6,15.1,.370,2.9,5.2,.563,3.6,2.3,5.9,0.7,1.0,0.3,2.0,5.2,14.1
63,Richard Coffey\cofferi01,SF,25,MIN,52,1,320,3.2,8.4,.373,0.0,0.1,.000,3.2,8.3,.378,1.4,2.5,.545,4.7,4.2,8.9,0.3,0.7,0.5,0.6,5.1,7.7
64,Derrick Coleman\colemde01,PF,23,NJN,74,68,2602,7.1,15.2,.467,0.2,0.5,.342,6.9,14.7,.472,4.5,6.1,.731,3.7,6.8,10.5,2.3,1.0,1.4,3.0,3.0,18.9
65,Bimbo Coles\colesbi01,PG,22,MIA,82,9,1355,4.3,10.4,.412,0.2,0.9,.176,4.1,9.5,.435,1.9,2.5,.747,1.5,2.6,4.1,6.2,1.7,0.3,2.6,4.0,10.7
66,Steve Colter\coltest01,PG,28,SAC,19,0,251,3.3,8.0,.411,0.7,2.0,.357,2.6,6.0,.429,1.0,1.4,.700,0.7,3.0,3.7,5.3,1.6,0.1,1.6,3.9,8.3
67,Lester Conner\connele01,PG,31,TOT,74,4,1008,3.4,7.4,.464,0.0,0.2,.000,3.4,7.2,.475,2.4,3.4,.723,0.7,3.2,4.0,5.9,3.0,0.1,2.1,2.7,9.3
67,Lester Conner\connele01,PG,31,NJN,35,2,489,4.3,8.2,.523,0.0,0.1,.000,4.3,8.0,.532,2.1,3.1,.690,0.8,3.4,4.2,4.3,2.7,0.1,2.0,2.8,10.7
67,Lester Conner\connele01,PG,31,MIL,39,2,519,2.6,6.7,.396,0.0,0.2,.000,2.6,6.5,.409,2.7,3.6,.750,0.7,3.1,3.8,7.4,3.3,0.1,2.2,2.6,8.0
68,Anthony Cook\cookan01,PF,23,DEN,58,25,1121,3.8,9.1,.417,0.0,0.1,.000,3.8,9.0,.421,2.3,4.1,.550,4.3,6.2,10.5,0.8,1.1,2.3,1.6,3.2,9.9
69,Wayne Cooper\coopewa01,C,34,POR,67,1,746,2.8,7.0,.393,0.0,0.0,.000,2.8,6.9,.396,1.6,2.0,.786,2.6,6.5,9.1,1.1,0.3,2.9,1.1,5.8,7.1
70,Tyrone Corbin\corbity01,SF,28,MIN,82,82,3196,6.6,14.8,.448,0.0,0.1,.200,6.6,14.7,.450,3.3,4.2,.798,2.1,4.6,6.6,3.9,1.8,0.6,2.4,2.9,16.6
71,Dave Corzine\corzida01,C,34,SEA,28,0,147,4.2,9.3,.447,0.0,0.0,,4.2,9.3,.447,3.2,5.4,.591,2.4,5.6,8.1,1.0,1.2,1.2,0.5,4.4,11.5
72,Pat Cummings\cummipa01,PF,34,UTA,4,0,26,5.5,8.3,.667,0.0,0.0,,5.5,8.3,.667,9.7,13.8,.700,4.2,2.8,6.9,0.0,0.0,0.0,2.8,11.1,20.8
73,Terry Cummings\cummite01,PF,29,SAS,67,62,2195,8.2,17.0,.484,0.1,0.5,.212,8.1,16.5,.493,2.7,3.9,.683,3.2,5.4,8.5,2.6,1.0,0.5,2.1,3.7,19.3
74,Earl Cureton\curetea01,PF,33,CHH,9,1,159,1.8,5.4,.333,0.0,0.2,.000,1.8,5.2,.348,0.2,0.7,.333,1.4,6.8,8.2,0.7,0.0,0.7,1.4,3.6,3.8
75,Dell Curry\curryde01,SG,26,CHH,76,14,1515,8.0,17.0,.471,0.8,2.0,.372,7.2,14.9,.485,2.3,2.7,.842,1.1,3.6,4.7,3.9,1.8,0.6,1.9,3.0,19.1
76,Quintin Dailey\dailequ01,SG,30,SEA,30,0,299,8.8,18.7,.471,0.0,0.1,.000,8.8,18.5,.474,4.6,7.5,.613,1.3,2.5,3.9,1.9,0.8,0.1,2.3,3.0,22.2
77,Adrian Dantley*\dantlad01,SF,34,MIL,10,0,126,5.4,14.3,.380,0.3,0.9,.333,5.1,13.4,.383,5.1,7.4,.692,2.3,1.4,3.7,2.6,1.4,0.0,1.7,2.3,16.3
78,Brad Daugherty\daughbr01,C,25,CLE,76,76,2946,7.4,14.1,.524,0.0,0.0,.000,7.4,14.1,.525,5.3,7.1,.751,2.2,8.0,10.1,3.1,0.9,0.6,2.6,2.3,20.1
79,Brad Davis\davisbr01,PG,35,DAL,80,6,1426,4.0,9.4,.426,0.6,2.1,.259,3.5,7.3,.476,2.3,3.0,.771,0.3,2.7,3.0,5.8,1.1,0.4,1.9,5.4,10.9
80,Terry Davis\daviste01,PF,23,MIA,55,17,996,4.2,8.5,.487,0.0,0.1,.500,4.1,8.5,.487,2.5,4.5,.556,3.9,5.7,9.6,1.4,0.7,1.0,1.3,4.7,10.8
81,Walter Davis\daviswa03,SG,36,TOT,71,14,1483,9.8,20.9,.468,0.3,0.9,.306,9.5,20.1,.475,2.6,2.8,.915,1.7,2.7,4.4,3.0,1.9,0.1,2.1,3.6,22.4
81,Walter Davis\daviswa03,SG,36,DEN,39,13,1044,10.9,23.0,.474,0.3,1.1,.303,10.6,21.9,.483,3.0,3.2,.915,1.8,2.4,4.2,2.9,2.1,0.1,2.2,3.7,25.1
81,Walter Davis\daviswa03,SG,36,POR,32,1,439,7.1,16.0,.446,0.1,0.2,.333,7.1,15.7,.448,1.7,1.9,.913,1.6,3.2,4.8,3.4,1.5,0.0,2.1,3.4,16.1
82,Johnny Dawkins\dawkijo01,PG,27,PHI,4,4,124,7.5,11.9,.634,0.3,1.2,.250,7.3,10.7,.676,2.9,3.2,.909,0.0,4.6,4.6,8.1,0.9,0.0,2.3,1.2,18.3
83,Tony Dawson\dawsoto01,SF,23,SAC,4,0,17,8.5,14.8,.571,2.1,2.1,1.000,6.4,12.7,.500,0.0,0.0,,4.2,0.0,4.2,0.0,0.0,0.0,2.1,0.0,19.1
84,Byron Dinkins\dinkiby01,PG,23,TOT,12,0,149,3.4,8.2,.412,0.0,0.0,,3.4,8.2,.412,1.9,2.2,.889,0.0,2.9,2.9,4.6,0.5,0.0,3.1,3.6,8.7
84,Byron Dinkins\dinkiby01,PG,23,SAS,10,0,144,3.2,8.2,.394,0.0,0.0,,3.2,8.2,.394,2.0,2.3,.889,0.0,2.7,2.7,4.7,0.5,0.0,3.2,3.0,8.5
84,Byron Dinkins\dinkiby01,PG,23,IND,2,0,5,7.2,7.2,1.000,0.0,0.0,,7.2,7.2,1.000,0.0,0.0,,0.0,7.2,7.2,0.0,0.0,0.0,0.0,21.6,14.4
85,Vlade Divac*\divacvl01,C,22,LAL,82,81,2310,5.6,9.9,.565,0.1,0.2,.357,5.5,9.7,.570,3.1,4.3,.703,3.2,7.2,10.4,1.4,1.7,2.0,2.3,3.8,14.4
86,James Donaldson\donalja01,C,33,DAL,82,82,2800,4.2,7.9,.532,0.0,0.0,,4.2,7.9,.532,2.1,2.9,.721,2.6,6.8,9.3,0.9,0.4,1.2,1.9,2.3,10.5
87,Sherman Douglas\douglsh01,PG,24,MIA,73,73,2562,7.5,14.8,.504,0.1,0.4,.129,7.4,14.4,.516,4.0,5.8,.686,1.1,1.8,2.9,8.8,1.7,0.1,3.8,2.5,19.0
88,Greg Dreiling\dreilgr01,C,28,IND,73,42,1031,3.4,6.8,.505,0.0,0.1,.000,3.4,6.7,.510,2.2,3.7,.600,2.3,6.6,8.9,1.8,0.8,1.0,2.0,6.2,9.0
89,Larry Drew\drewla01,PG,32,LAL,48,2,496,3.9,9.1,.432,1.0,2.4,.424,2.9,6.7,.435,1.2,1.6,.773,0.4,2.1,2.5,8.6,1.1,0.1,3.6,2.9,10.1
90,Clyde Drexler*\drexlcl01,SG,28,POR,82,82,2852,8.1,16.9,.482,0.8,2.4,.319,7.4,14.5,.509,5.3,6.6,.794,2.7,4.2,6.9,6.2,1.8,0.8,2.9,2.9,22.3
91,Kevin Duckworth\duckwke01,C,26,POR,81,81,2511,7.5,15.5,.481,0.0,0.0,.000,7.5,15.5,.482,3.4,4.5,.772,2.5,5.1,7.6,1.3,0.5,0.5,2.7,3.6,18.4
92,Chris Dudley\dudlech02,C,25,NJN,61,25,1560,3.9,9.6,.408,0.0,0.0,,3.9,9.6,.408,2.2,4.1,.534,5.3,6.5,11.8,0.9,0.9,3.5,1.8,5.0,10.0
93,Joe Dumars*\dumarjo01,SG,27,DET,80,80,3046,7.4,15.3,.481,0.2,0.5,.311,7.2,14.7,.488,4.4,4.9,.890,0.7,1.5,2.2,5.2,1.1,0.1,2.2,1.6,19.3
94,T.R. Dunn\dunntr01,SG,35,DEN,17,3,217,3.5,7.8,.447,0.2,0.7,.250,3.3,7.1,.465,1.5,1.7,.900,3.3,3.6,7.0,4.0,2.0,0.2,1.2,5.0,8.6
95,Ledell Eackles\eacklle01,SG,24,WSB,67,17,1616,7.7,17.0,.453,0.3,1.3,.237,7.4,15.7,.471,3.7,4.9,.739,1.0,1.8,2.9,3.0,1.0,0.2,2.6,2.7,19.3
96,Mark Eaton\eatonma01,C,34,UTA,80,80,2580,2.4,4.1,.579,0.0,0.0,,2.4,4.1,.579,1.0,1.6,.634,2.5,6.8,9.3,0.7,0.5,2.6,1.4,4.2,5.7
97,Blue Edwards\edwarbl01,SF,25,UTA,62,56,1611,5.5,10.4,.526,0.1,0.5,.250,5.3,9.8,.541,1.8,2.6,.701,1.1,3.4,4.5,2.4,1.3,0.6,2.3,4.5,12.9
98,James Edwards\edwarja01,C,35,DET,72,70,1903,7.2,15.0,.484,0.0,0.0,.500,7.2,14.9,.484,4.1,5.6,.729,1.7,3.5,5.2,1.2,0.2,0.6,2.4,4.7,18.6
99,Kevin Edwards\edwarke01,SG,25,MIA,79,16,2000,6.8,16.7,.410,0.4,1.5,.286,6.4,15.2,.422,3.1,3.8,.803,1.4,2.3,3.7,4.3,2.3,0.8,2.9,2.7,17.2
100,Craig Ehlo\ehlocr01,SG,29,CLE,82,68,2766,4.5,10.1,.445,0.6,1.9,.329,3.8,8.1,.473,1.2,1.8,.679,1.8,3.2,5.0,4.9,1.6,0.4,2.1,2.7,10.8
101,Mario Elie\eliema01,SF-SG,27,TOT,33,0,644,4.4,8.9,.497,0.2,0.6,.400,4.2,8.3,.503,4.2,5.0,.843,2.6,3.6,6.1,2.5,1.1,0.6,1.7,4.8,13.2
101,Mario Elie\eliema01,SG,27,PHI,3,0,20,3.6,12.6,.286,1.8,3.6,.500,1.8,9.0,.200,1.8,3.6,.500,0.0,1.8,1.8,1.8,0.0,0.0,5.4,3.6,10.8
101,Mario Elie\eliema01,SF,27,GSW,30,0,624,4.4,8.8,.507,0.2,0.5,.375,4.3,8.3,.514,4.3,5.0,.851,2.7,3.6,6.3,2.5,1.1,0.6,1.6,4.8,13.3
102,Sean Elliott\elliose01,SF,22,SAS,82,82,3044,5.7,11.5,.490,0.2,0.8,.313,5.4,10.8,.502,3.8,4.8,.808,1.7,3.7,5.4,2.8,0.8,0.4,1.7,2.2,15.4
103,Dale Ellis\ellisda01,SG,30,TOT,51,24,1424,8.6,18.2,.474,1.4,4.0,.363,7.2,14.2,.504,3.0,4.2,.723,1.7,2.7,4.4,2.4,1.2,0.2,2.0,2.8,21.7
103,Dale Ellis\ellisda01,SG,30,SEA,30,24,800,8.1,17.6,.463,1.2,4.0,.303,6.9,13.6,.510,2.8,3.8,.738,1.3,2.9,4.1,2.9,1.5,0.1,2.2,2.7,20.3
103,Dale Ellis\ellisda01,SG,30,MIL,21,0,624,9.2,18.9,.486,1.7,3.9,.441,7.4,14.9,.498,3.3,4.7,.707,2.2,2.5,4.7,1.8,0.9,0.3,1.8,3.1,23.4
104,Pervis Ellison\ellispe01,C,23,WSB,76,30,1942,6.0,11.8,.513,0.0,0.1,.000,6.0,11.7,.517,2.6,4.0,.650,4.2,6.7,10.8,1.9,0.9,2.9,2.7,5.0,14.7
105,A.J. English\engliaj01,SG,23,WSB,70,12,1443,6.3,14.3,.439,0.1,0.8,.097,6.2,13.5,.458,2.8,3.9,.707,1.6,2.0,3.7,4.4,0.6,0.4,2.8,3.2,15.4
106,Alex English*\englial01,SF,37,DAL,79,26,1748,6.6,15.1,.439,0.0,0.0,.000,6.6,15.1,.439,2.5,2.9,.850,2.2,3.0,5.2,2.2,0.8,0.5,2.1,2.9,15.7
107,Patrick Ewing*\ewingpa01,C,28,NYK,81,81,3104,9.8,19.1,.514,0.0,0.1,.000,9.8,19.0,.516,5.4,7.2,.745,2.3,8.2,10.5,2.8,0.9,3.0,3.4,3.3,25.0
108,Jim Farmer\farmeji01,SG,26,TOT,27,1,456,8.0,17.6,.453,0.4,1.8,.217,7.6,15.8,.480,3.8,5.1,.738,2.3,3.1,5.4,3.0,1.0,0.2,3.0,4.6,20.1
108,Jim Farmer\farmeji01,SG,26,PHI,2,0,13,5.5,19.4,.286,0.0,2.8,.000,5.5,16.6,.333,5.5,5.5,1.000,5.5,8.3,13.8,0.0,0.0,0.0,2.8,0.0,16.6
108,Jim Farmer\farmeji01,SG,26,DEN,25,1,443,8.0,17.6,.458,0.4,1.8,.227,7.6,15.8,.485,3.7,5.1,.730,2.2,2.9,5.1,3.1,1.1,0.2,3.0,4.7,20.2
109,Dave Feitl\feitlda01,C,28,HOU,52,2,372,5.0,13.5,.371,0.0,0.3,.000,5.0,13.3,.380,3.2,4.3,.750,2.8,6.9,9.7,0.8,0.3,1.2,2.4,5.0,13.3
110,Duane Ferrell\ferredu01,SF,25,ATL,78,2,1165,5.4,11.0,.489,0.1,0.1,.667,5.3,10.9,.487,3.9,4.8,.801,3.0,2.5,5.5,1.7,1.0,0.8,2.4,4.7,14.7
111,Danny Ferry\ferryda01,PF,24,CLE,81,2,1661,6.0,13.9,.428,0.5,1.7,.299,5.5,12.3,.445,2.7,3.3,.816,2.1,4.1,6.2,3.1,0.9,0.5,2.6,5.0,15.1
112,Vern Fleming\flemive01,PG,28,IND,69,45,1929,6.6,12.5,.531,0.1,0.3,.222,6.6,12.2,.539,3.0,4.1,.729,1.5,2.4,4.0,6.9,1.4,0.2,2.6,2.2,16.4
113,Sleepy Floyd\floydsl01,PG,30,HOU,82,4,1850,7.5,18.3,.411,0.9,3.4,.273,6.6,14.8,.443,3.6,4.8,.752,1.0,2.1,3.1,6.2,1.8,0.3,2.7,2.4,19.6
114,Greg Foster\fostegr01,PF,22,WSB,54,3,606,5.8,12.5,.460,0.0,0.3,.000,5.8,12.2,.471,2.5,3.6,.689,3.1,5.9,9.0,2.2,0.7,1.3,2.7,6.7,14.0
115,Anthony Frederick\fredean01,SF,26,SAC,35,3,475,5.1,12.7,.399,0.0,0.0,,5.1,12.7,.399,3.3,4.5,.717,2.7,3.6,6.4,3.3,1.7,1.0,3.0,3.8,13.4
116,Corey Gaines\gaineco01,SG,25,DEN,10,2,226,4.5,11.2,.400,0.8,3.3,.238,3.7,7.8,.469,3.5,4.1,.846,0.6,1.6,2.2,14.5,1.6,0.3,3.7,4.0,13.2
117,Kevin Gamble\gamblke01,SF,25,BOS,82,76,2706,7.3,12.4,.587,0.0,0.1,.000,7.3,12.3,.592,2.5,3.0,.815,1.1,2.4,3.6,3.4,1.3,0.5,2.0,3.2,17.0
118,Winston Garland\garlawi01,PG,26,LAC,69,26,1702,4.7,11.0,.426,0.1,0.5,.154,4.6,10.4,.440,2.5,3.3,.752,1.0,3.2,4.2,6.7,2.1,0.2,2.5,4.0,11.9
119,Tom Garrick\garrito01,SG,24,LAC,67,0,949,3.8,9.0,.424,0.0,0.8,.000,3.8,8.1,.467,2.3,3.0,.759,1.5,3.3,4.8,8.5,2.4,0.1,2.5,3.8,9.9
120,Kenny Gattison\gattike01,PF,26,CHH,72,6,1552,5.6,10.6,.532,0.0,0.0,.000,5.6,10.6,.534,3.8,5.8,.661,3.2,5.6,8.8,1.0,1.1,1.6,2.4,4.9,15.1
121,Tate George\georgta01,PG,22,NJN,56,11,594,4.8,11.7,.415,0.0,0.1,.000,4.8,11.6,.419,1.9,2.4,.800,1.2,1.7,2.8,6.3,1.5,0.3,2.5,3.5,11.6
122,Derrick Gervin\gervide01,PF,27,NJN,56,4,743,7.9,19.1,.416,0.3,1.4,.250,7.6,17.7,.429,4.4,5.5,.789,1.9,3.4,5.3,1.5,0.9,0.9,2.2,4.3,20.6
123,Kendall Gill\gillke01,SG,22,CHH,82,36,1944,7.0,15.5,.450,0.0,0.3,.143,6.9,15.2,.455,2.8,3.4,.835,1.9,2.9,4.9,5.6,1.9,0.7,3.0,3.4,16.8
124,Armen Gilliam\gilliar01,PF,26,TOT,75,75,2644,6.6,13.6,.487,0.0,0.0,.000,6.6,13.6,.487,3.6,4.5,.815,3.0,5.1,8.1,1.4,0.9,0.7,2.4,2.5,16.9
124,Armen Gilliam\gilliar01,PF,26,CHH,25,25,949,7.4,14.4,.513,0.0,0.0,,7.4,14.4,.513,3.9,4.9,.813,3.3,5.6,8.9,1.0,1.3,0.8,2.4,2.5,18.7
124,Armen Gilliam\gilliar01,PF,26,PHI,50,50,1695,6.2,13.2,.470,0.0,0.0,.000,6.2,13.1,.472,3.5,4.3,.816,2.8,4.9,7.7,1.7,0.7,0.7,2.3,2.5,15.9
125,Gerald Glass\glassge01,SF,23,MIN,51,3,606,8.9,20.2,.438,0.1,1.0,.118,8.7,19.2,.455,3.1,4.5,.684,3.2,2.9,6.1,2.5,1.7,0.5,2.4,4.5,20.9
126,Mike Gminski\gminsmi01,C,31,TOT,80,79,2196,5.9,13.2,.442,0.0,0.2,.143,5.8,13.0,.447,2.1,2.6,.810,3.0,6.5,9.5,1.5,0.7,0.9,1.4,1.6,13.8
126,Mike Gminski\gminsmi01,C,31,PHI,30,29,791,5.0,12.9,.384,0.0,0.4,.125,4.9,12.6,.391,2.4,2.9,.841,3.2,5.9,9.1,1.5,0.7,1.5,1.4,1.9,12.4
126,Mike Gminski\gminsmi01,C,31,CHH,50,50,1405,6.4,13.4,.473,0.0,0.2,.167,6.3,13.3,.477,1.9,2.4,.789,2.9,6.8,9.8,1.5,0.6,0.6,1.4,1.5,14.7
127,Dan Godfread\godfrda01,C,23,MIN,10,0,20,9.0,21.6,.417,0.0,1.8,.000,9.0,19.8,.455,5.4,7.2,.750,0.0,3.6,3.6,0.0,1.8,7.2,0.0,9.0,23.4
128,Jim Grandholm\grandji01,PF,30,DAL,26,0,168,6.4,12.4,.517,1.9,3.6,.529,4.5,8.8,.512,2.1,4.5,.476,4.3,6.4,10.7,1.7,0.4,1.7,2.4,7.1,16.9
129,Gary Grant\grantga01,PG,25,LAC,68,65,2105,4.5,10.0,.451,0.2,0.7,.231,4.4,9.4,.467,0.9,1.3,.689,1.2,2.4,3.6,10.0,1.8,0.2,3.6,3.3,10.1
130,Greg Grant\grantgr01,PG,24,NYK,22,0,107,3.4,9.1,.370,0.3,1.0,.333,3.0,8.1,.375,1.7,2.0,.833,0.3,3.0,3.4,6.7,3.0,0.0,3.4,4.0,8.7
131,Harvey Grant\grantha01,PF,25,WSB,77,76,2842,7.7,15.5,.498,0.0,0.2,.133,7.7,15.3,.502,2.3,3.2,.743,2.3,4.8,7.1,2.6,1.2,0.8,1.6,2.9,17.8
132,Horace Grant\grantho01,PF,25,CHI,78,76,2641,5.5,10.0,.547,0.0,0.1,.167,5.5,9.9,.550,2.7,3.8,.711,3.6,5.4,9.0,2.4,1.3,0.9,1.3,2.8,13.6
133,Stuart Gray\grayst01,C,27,NYK,8,0,37,3.9,11.7,.333,0.0,0.0,,3.9,11.7,.333,2.9,2.9,1.000,1.9,7.8,9.7,0.0,0.0,1.0,1.9,5.8,10.7
134,Jeff Grayer\grayeje01,SG,25,MIL,82,7,1422,5.3,12.3,.433,0.0,0.1,.000,5.3,12.2,.436,2.6,3.7,.687,2.8,3.4,6.2,3.1,1.2,0.2,2.2,2.5,13.2
135,A.C. Green\greenac01,PF,27,LAL,82,21,2164,4.3,9.0,.476,0.2,0.9,.200,4.1,8.1,.507,3.7,5.0,.738,3.3,5.2,8.6,1.2,1.0,0.4,1.6,1.9,12.5
136,Rickey Green\greenri01,PG,36,PHI,79,75,2248,5.3,11.6,.463,0.1,0.6,.222,5.2,11.0,.475,1.9,2.3,.830,0.5,1.7,2.2,6.6,0.9,0.1,1.7,2.1,12.7
137,Sidney Green\greensi02,PF,30,SAS,66,7,1099,5.8,12.6,.461,0.0,0.1,.000,5.8,12.5,.465,2.9,3.4,.848,3.2,7.0,10.3,1.7,1.0,0.4,2.9,5.6,14.5
138,Dave Greenwood\greenda01,PF,33,SAS,63,11,1018,3.0,6.0,.503,0.0,0.1,.000,3.0,5.9,.509,2.4,3.3,.734,2.2,5.7,7.8,1.8,1.0,0.9,2.5,6.1,8.5
139,Darrell Griffith\griffda01,SG,32,UTA,75,2,1005,6.2,15.9,.391,1.7,4.9,.348,4.5,11.0,.410,1.2,1.6,.756,0.6,2.6,3.2,1.3,1.5,0.3,1.7,3.6,15.4
140,Scott Haffner\haffnsc01,PG,24,CHH,7,0,50,5.8,15.1,.381,0.0,1.4,.000,5.8,13.7,.421,0.7,1.4,.500,1.4,1.4,2.9,6.5,2.2,0.7,2.9,2.9,12.2
141,Jack Haley\haleyja01,PF,27,NJN,78,18,1178,4.9,10.5,.469,0.0,0.0,,4.9,10.5,.469,3.4,5.5,.619,4.3,6.6,10.9,0.9,0.6,0.6,1.9,6.1,13.3
142,Tom Hammonds\hammoto01,PF,23,WSB,70,7,1023,5.5,11.8,.461,0.0,0.1,.000,5.5,11.7,.467,2.0,2.8,.722,2.0,5.2,7.2,1.5,0.5,0.2,1.9,3.8,12.9
143,Bob Hansen\hansebo01,SG,30,SAC,36,24,811,4.3,11.4,.375,0.8,3.1,.275,3.4,8.3,.412,0.8,1.6,.500,1.5,2.8,4.3,4.0,0.9,0.2,1.5,3.2,10.2
144,Tim Hardaway\hardati01,PG,24,GSW,82,82,3215,8.3,17.4,.476,1.1,2.8,.385,7.2,14.5,.494,3.4,4.3,.803,1.0,2.7,3.7,8.9,2.4,0.1,3.0,2.6,21.1
145,Derek Harper\harpede01,PG,29,DAL,77,77,2879,7.2,15.3,.467,1.1,3.1,.362,6.0,12.3,.493,3.6,4.9,.731,0.7,2.2,2.9,6.9,1.8,0.2,2.2,2.8,19.0
146,Ron Harper\harpero01,SG,27,LAC,39,34,1383,7.4,19.0,.391,1.2,3.9,.324,6.2,15.1,.408,3.8,5.6,.668,1.5,3.4,4.9,5.4,1.7,0.9,3.4,2.9,19.9
147,Tony Harris\harrito01,SG,23,PHI,6,0,41,3.5,14.0,.250,0.0,1.8,.000,3.5,12.3,.286,1.8,3.5,.500,0.0,0.9,0.9,0.0,0.9,0.0,2.6,4.4,8.8
148,Scott Hastings\hastisc01,PF,30,DET,27,0,113,5.1,8.9,.571,1.0,1.3,.750,4.1,7.6,.542,4.1,4.1,1.000,4.5,4.5,8.9,2.2,0.0,0.0,2.2,7.3,15.3
149,Hersey Hawkins\hawkihe01,SG,24,PHI,80,80,3110,6.8,14.5,.472,1.3,3.1,.400,5.6,11.4,.491,5.5,6.4,.871,0.6,3.0,3.6,3.5,2.1,0.5,2.5,2.1,20.5
150,Gerald Henderson\hendege01,PG,35,DET,23,10,392,4.6,10.7,.427,0.6,1.9,.333,3.9,8.8,.448,1.5,1.9,.762,0.7,2.7,3.4,5.7,1.1,0.2,2.6,3.9,11.3
151,Steve Henson\hensost01,PG,22,MIL,68,0,690,4.1,9.9,.418,0.9,2.8,.333,3.2,7.0,.452,2.0,2.2,.905,0.7,1.9,2.7,6.8,1.7,0.0,2.2,4.3,11.2
152,Mike Higgins\higgimi01,SF,23,SAC,7,0,61,3.5,5.9,.600,0.0,0.0,,3.5,5.9,.600,2.4,4.1,.571,2.4,0.6,3.0,1.2,0.0,1.2,2.4,9.4,9.4
153,Rod Higgins\higgiro01,SF,31,GSW,82,9,2024,4.6,9.9,.463,1.3,3.9,.332,3.3,6.0,.549,3.3,4.0,.819,1.9,4.4,6.3,2.0,0.9,0.7,1.2,3.5,13.8
154,Sean Higgins\higgise01,SF,22,SAS,50,0,464,7.5,16.4,.458,0.2,1.5,.158,7.3,15.0,.487,2.2,2.6,.848,1.4,3.5,4.9,2.7,0.6,0.1,3.8,4.1,17.5
155,Tyrone Hill\hillty01,PF,22,GSW,74,22,1192,4.4,9.0,.492,0.0,0.0,,4.4,9.0,.492,2.9,4.6,.632,4.7,6.8,11.6,0.6,1.0,0.9,2.2,8.0,11.8
156,Roy Hinson\hinsoro01,PF,29,NJN,9,0,91,7.9,15.4,.513,0.0,0.0,,7.9,15.4,.513,0.4,1.2,.333,2.4,5.1,7.5,1.6,0.0,1.2,2.4,5.5,16.2
157,Craig Hodges\hodgecr01,SG,30,CHI,73,0,843,6.2,14.7,.424,1.9,4.9,.383,4.4,9.8,.445,1.1,1.2,.963,0.4,1.4,1.8,4.1,1.5,0.1,1.5,3.2,15.5
158,Dave Hoppen\hoppeda01,C,26,TOT,30,0,155,5.6,10.2,.545,0.0,0.5,.000,5.6,9.8,.571,3.7,5.1,.727,4.2,4.9,9.1,0.7,0.7,0.2,3.0,6.7,14.9
158,Dave Hoppen\hoppeda01,C,26,CHH,19,0,112,5.8,10.3,.563,0.0,0.3,.000,5.8,10.0,.581,2.6,3.2,.800,4.5,5.1,9.6,1.0,0.6,0.3,3.9,5.8,14.1
158,Dave Hoppen\hoppeda01,C,26,PHI,11,0,43,5.0,10.0,.500,0.0,0.8,.000,5.0,9.2,.545,6.7,10.0,.667,3.3,4.2,7.5,0.0,0.8,0.0,0.8,9.2,16.7
159,Dennis Hopson\hopsode01,SF,25,CHI,61,0,728,5.1,12.1,.426,0.0,0.2,.200,5.1,11.8,.431,2.7,4.1,.663,2.4,3.0,5.4,3.2,1.2,0.7,2.9,3.9,13.1
160,Jeff Hornacek\hornaje01,SG,27,PHO,80,77,2733,7.2,13.8,.518,0.8,1.9,.418,6.4,11.9,.534,2.6,3.0,.897,1.0,3.3,4.2,5.4,1.5,0.2,1.7,2.4,17.8
161,Jay Humphries\humphja01,PG,28,MIL,80,80,2726,6.4,12.7,.502,0.8,2.1,.373,5.6,10.6,.528,2.5,3.2,.799,0.8,2.2,2.9,7.1,1.7,0.1,2.0,3.1,16.0
162,Byron Irvin\irvinby01,SG,24,WSB,33,4,316,6.8,14.7,.465,0.1,0.6,.200,6.7,14.1,.476,5.7,6.9,.820,2.7,2.4,5.1,2.7,1.7,0.2,1.8,3.6,19.5
163,Mark Jackson\jacksma01,PG,25,NYK,72,21,1595,5.6,11.5,.492,0.3,1.2,.255,5.3,10.3,.519,2.6,3.6,.731,1.4,3.0,4.4,10.2,1.4,0.2,3.0,1.8,14.2
164,Dave Jamerson\jamerda01,SG,23,HOU,37,0,202,7.7,20.1,.381,0.9,3.4,.263,6.8,16.8,.404,3.9,4.8,.815,1.6,3.7,5.3,4.8,1.1,0.2,3.6,4.3,20.1
165,Henry James\jameshe01,PF,25,CLE,37,4,505,8.0,18.1,.441,1.7,4.3,.400,6.3,13.8,.454,3.7,5.1,.722,1.9,3.8,5.6,2.3,1.1,0.4,2.6,4.2,21.4
166,Les Jepsen\jepsele01,C,23,GSW,21,0,105,3.8,12.3,.306,0.0,0.3,.000,3.8,12.0,.314,2.1,3.1,.667,5.8,6.9,12.7,0.3,0.3,1.0,1.0,5.5,9.6
167,Avery Johnson\johnsav01,PG,25,TOT,68,14,959,4.9,10.4,.469,0.0,0.3,.111,4.8,10.1,.481,2.2,3.3,.678,0.8,2.1,2.9,8.6,1.8,0.2,2.8,2.3,12.0
167,Avery Johnson\johnsav01,PG,25,DEN,21,4,217,4.8,11.3,.426,0.0,0.7,.000,4.8,10.6,.453,3.5,5.3,.656,1.5,2.0,3.5,12.8,2.3,0.3,4.5,3.6,13.1
167,Avery Johnson\johnsav01,PG,25,SAS,47,10,742,4.9,10.1,.483,0.0,0.2,.200,4.9,9.9,.490,1.8,2.7,.691,0.6,2.1,2.7,7.4,1.6,0.1,2.3,1.9,11.7
168,Buck Johnson\johnsbu01,SF,27,HOU,73,70,2279,6.6,13.8,.477,0.0,0.2,.133,6.5,13.6,.483,2.5,3.4,.727,1.7,3.5,5.2,2.2,1.3,0.7,1.9,3.8,15.7
169,Eddie Johnson\johnsed03,SG,31,TOT,81,27,2085,9.4,19.4,.484,0.7,2.1,.325,8.7,17.3,.503,4.0,4.4,.891,1.8,2.8,4.7,1.9,1.0,0.2,2.1,3.1,23.4
169,Eddie Johnson\johnsed03,SG,31,PHO,15,0,312,10.2,21.5,.473,0.7,2.4,.286,9.5,19.0,.497,2.4,3.3,.724,1.8,3.5,5.3,2.0,1.0,0.2,2.8,4.3,23.4
169,Eddie Johnson\johnsed03,SG,31,SEA,66,27,1773,9.2,19.0,.486,0.7,2.0,.333,8.6,17.0,.504,4.2,4.6,.912,1.8,2.7,4.6,1.9,1.0,0.1,2.0,2.9,23.4
170,Kevin Johnson\johnske02,PG,24,PHO,77,76,2772,7.7,14.9,.516,0.1,0.6,.205,7.6,14.3,.529,6.7,8.0,.843,0.7,2.8,3.5,10.1,2.1,0.1,3.5,2.3,22.2
171,Magic Johnson*\johnsma02,PG,31,LAL,79,79,2933,5.7,12.0,.477,1.0,3.1,.320,4.7,8.9,.532,6.4,7.0,.906,1.3,5.5,6.8,12.1,1.3,0.2,3.9,1.8,18.8
172,Steve Johnson\johnsst03,C,33,GSW,24,8,228,5.4,9.9,.540,0.0,0.0,,5.4,9.9,.540,3.5,5.8,.595,2.8,6.2,9.0,2.7,0.6,0.6,3.9,7.9,14.2
173,Vinnie Johnson\johnsvi01,SG,34,DET,82,28,2390,6.1,14.1,.434,0.2,0.5,.324,5.9,13.6,.438,2.0,3.1,.646,1.7,2.6,4.2,4.1,1.1,0.2,1.8,2.5,14.4
174,Charles Jones\jonesch01,C,33,WSB,62,54,1499,1.6,3.0,.540,0.0,0.0,,1.6,3.0,.540,0.7,1.2,.580,2.9,5.8,8.6,1.2,1.2,3.0,1.1,4.8,3.9
175,Michael Jordan*\jordami01,SG,27,CHI,82,82,3034,11.7,21.8,.539,0.3,1.1,.312,11.4,20.7,.551,6.8,8.0,.851,1.4,4.4,5.8,5.4,2.6,1.0,2.4,2.7,30.6
176,Shawn Kemp\kempsh01,PF,21,SEA,81,66,2442,6.8,13.4,.508,0.0,0.2,.167,6.8,13.2,.513,4.2,6.4,.661,3.9,6.1,10.0,2.1,1.1,1.8,3.0,4.7,17.9
177,Steve Kerr\kerrst01,PG,25,CLE,57,4,905,3.9,8.9,.444,1.1,2.5,.452,2.8,6.4,.441,1.8,2.1,.849,0.2,1.3,1.5,5.2,1.2,0.2,1.6,2.1,10.8
178,Jerome Kersey\kerseje01,SF,28,POR,73,72,2359,6.5,13.5,.478,0.1,0.2,.308,6.4,13.3,.481,3.5,5.0,.709,2.6,4.8,7.3,3.5,1.5,1.2,2.3,3.8,16.5
179,Alec Kessler\kesslal01,C,24,MIA,78,18,1259,5.7,13.4,.425,0.0,0.1,.000,5.7,13.3,.429,2.5,3.7,.672,3.3,6.3,9.6,0.9,0.5,0.7,3.1,5.4,13.9
180,Randolph Keys\keysra01,SF,24,CHH,44,0,473,4.5,11.0,.407,0.2,1.1,.214,4.3,10.0,.427,1.4,2.5,.576,3.0,4.6,7.6,1.4,1.7,1.1,2.7,7.1,10.7
181,Bo Kimble\kimblbo01,SG,24,LAC,62,22,1004,5.7,15.0,.380,0.7,2.3,.292,5.0,12.7,.397,3.3,4.3,.773,1.5,2.8,4.3,2.7,1.1,0.3,2.8,5.7,15.4
182,Bernard King*\kingbe01,SF,34,WSB,64,64,2401,10.7,22.7,.472,0.1,0.6,.216,10.6,22.1,.478,5.7,7.3,.790,1.7,3.1,4.8,4.4,0.8,0.2,3.8,2.8,27.2
183,Stacey King\kingst01,PF,24,CHI,76,6,1198,4.7,10.0,.467,0.0,0.1,.000,4.7,10.0,.470,3.2,4.6,.704,2.2,4.1,6.3,2.0,0.7,1.3,2.7,4.0,12.6
184,Greg Kite\kitegr01,C,29,ORL,82,82,2225,2.7,5.5,.491,0.0,0.0,,2.7,5.5,.491,1.0,2.0,.512,3.1,6.5,9.5,1.0,0.4,1.3,1.7,4.8,6.4
185,Joe Kleine\kleinjo01,C,29,BOS,72,1,850,4.3,9.2,.468,0.0,0.1,.000,4.3,9.1,.472,2.3,2.9,.783,3.0,7.3,10.3,0.9,0.6,0.6,2.2,4.6,10.9
186,Negele Knight\knighne01,PG,23,PHO,64,6,792,6.0,14.0,.425,0.3,1.1,.240,5.7,12.9,.442,3.2,5.4,.602,0.9,2.3,3.2,8.7,0.9,0.3,3.5,3.8,15.4
187,Bart Kofoed\kofoeba01,SG,26,GSW,5,0,21,0.0,5.1,.000,0.0,0.0,,0.0,5.1,.000,5.1,10.3,.500,3.4,1.7,5.1,6.9,0.0,0.0,3.4,6.9,5.1
188,Jon Koncak\koncajo01,C,27,ATL,77,61,1931,2.6,6.0,.436,0.0,0.1,.125,2.6,5.8,.444,0.6,1.0,.593,1.9,5.1,7.0,2.3,1.4,1.4,0.9,4.9,5.8
189,Frank Kornet\kornefr01,PF,24,MIL,32,0,157,5.3,14.2,.371,1.1,4.1,.278,4.1,10.1,.409,1.6,3.0,.538,2.3,3.2,5.5,2.1,1.1,0.2,2.5,6.4,13.3
190,Bill Laimbeer\laimbbi01,C,33,DET,82,81,2668,5.0,10.5,.478,0.5,1.7,.296,4.5,8.8,.513,1.7,2.0,.837,2.3,7.6,9.9,2.1,0.5,0.8,1.3,3.3,12.2
191,Jerome Lane\laneje01,PF,24,DEN,62,25,1383,5.3,12.0,.438,0.0,0.1,.250,5.2,11.9,.440,1.5,3.7,.411,7.3,7.8,15.0,3.2,1.3,0.4,2.7,5.0,12.1
192,Andrew Lang\langan01,C,24,PHO,63,18,1152,3.4,5.9,.577,0.0,0.0,.000,3.4,5.9,.580,2.9,4.1,.715,3.5,5.9,9.5,0.8,0.5,4.0,1.4,5.2,9.7
193,Eric Leckner\leckner01,C,24,TOT,72,2,1122,4.2,9.4,.446,0.0,0.0,,4.2,9.4,.446,2.0,3.6,.559,2.6,6.8,9.5,1.3,0.4,0.7,2.2,6.2,10.4
193,Eric Leckner\leckner01,C,24,SAC,32,0,378,3.7,9.1,.406,0.0,0.0,,3.7,9.1,.406,1.5,2.6,.593,2.6,5.7,8.3,1.7,0.4,1.0,2.4,6.6,9.0
193,Eric Leckner\leckner01,C,24,CHH,40,2,744,4.5,9.6,.465,0.0,0.0,,4.5,9.6,.465,2.2,4.1,.548,2.7,7.4,10.1,1.0,0.5,0.5,2.1,6.0,11.1
194,Kurk Lee\leeku01,PG,23,NJN,48,0,265,2.6,9.6,.268,0.4,2.0,.200,2.2,7.6,.286,3.4,3.8,.893,1.0,3.1,4.1,4.6,1.5,0.3,2.7,5.3,9.0
195,Tim Legler\legleti01,SG,24,DEN,10,0,148,6.1,17.5,.347,0.7,2.9,.250,5.4,14.6,.367,1.2,1.5,.833,1.9,2.4,4.4,2.9,0.5,0.0,1.0,4.9,14.1
196,Gary Leonard\leonaga01,C,23,ATL,4,0,9,0.0,0.0,,0.0,0.0,,0.0,0.0,,8.0,16.0,.500,0.0,8.0,8.0,0.0,0.0,4.0,0.0,8.0,8.0
197,Jim Les\lesji01,PG,27,SAC,55,8,1399,3.1,6.9,.444,1.8,4.0,.461,1.2,2.9,.421,2.2,2.7,.835,0.5,2.4,2.9,7.7,1.5,0.1,1.9,3.6,10.2
198,Clifford Lett\lettcl01,PG,25,SAS,7,0,99,5.1,10.5,.483,0.0,0.4,.000,5.1,10.2,.500,2.2,3.3,.667,0.4,2.2,2.5,2.5,0.7,0.4,2.9,3.3,12.4
199,Fat Lever\leverfa01,SG,30,DAL,4,0,86,3.8,9.6,.391,0.0,1.3,.000,3.8,8.4,.450,4.6,5.9,.786,1.3,5.0,6.3,5.0,2.5,1.3,4.2,2.1,12.1
200,Cliff Levingston\levincl01,PF,30,CHI,78,0,1013,4.5,10.0,.450,0.0,0.1,.250,4.5,9.9,.453,2.1,3.2,.648,3.5,4.5,8.0,2.0,1.0,1.5,1.8,5.1,11.2
201,Reggie Lewis\lewisre01,SG,25,BOS,79,79,2878,7.5,15.2,.491,0.0,0.2,.077,7.5,15.1,.495,3.5,4.3,.826,1.5,3.6,5.1,2.5,1.2,1.1,1.8,2.9,18.5
202,Marcus Liberty\liberma01,SF,22,DEN,76,18,1171,6.6,15.8,.421,0.5,1.8,.298,6.1,14.0,.436,1.8,2.8,.630,3.6,3.2,6.8,2.0,1.5,0.6,2.2,4.7,15.6
203,Todd Lichti\lichtto01,SG,24,DEN,29,25,860,6.9,15.8,.439,0.6,2.0,.298,6.4,13.9,.459,2.5,2.9,.855,2.1,2.6,4.7,3.0,1.9,0.3,1.4,2.7,17.0
204,Alton Lister\listeal01,C,32,GSW,77,65,1552,4.4,9.1,.478,0.0,0.0,.000,4.4,9.1,.480,2.7,4.7,.569,2.8,8.4,11.2,2.2,0.5,2.1,2.5,6.5,11.4
205,Ian Lockhart\lockhia01,SF,23,PHO,1,0,2,18.0,18.0,1.000,0.0,0.0,,18.0,18.0,1.000,36.0,36.0,1.000,0.0,0.0,0.0,0.0,0.0,0.0,0.0,0.0,72.0
206,Brad Lohaus\lohaubr01,PF,26,MIL,81,3,1219,5.3,12.3,.431,1.0,3.5,.277,4.3,8.7,.493,1.1,1.6,.685,1.7,4.7,6.4,2.2,1.5,2.2,1.8,5.0,12.6
207,Grant Long\longgr01,PF,24,MIA,80,66,2514,4.0,8.0,.492,0.0,0.1,.167,3.9,7.9,.495,2.6,3.3,.787,3.2,4.9,8.1,2.5,1.7,0.6,2.2,4.2,10.5
208,John Long\longjo01,SG,34,DET,25,0,256,4.9,12.0,.412,0.3,0.8,.333,4.6,11.1,.418,3.4,3.5,.960,1.3,3.2,4.5,2.5,1.3,0.3,2.0,2.4,13.5
209,Rick Mahorn\mahorri01,C,32,PHI,80,74,2439,3.9,8.3,.467,0.0,0.1,.000,3.9,8.1,.475,2.8,3.5,.788,2.2,6.9,9.2,1.7,1.2,0.8,1.9,4.1,10.5
210,Dan Majerle\majerda01,SF,25,PHO,77,7,2281,6.3,13.0,.484,0.5,1.4,.349,5.8,11.6,.499,3.6,4.7,.762,2.7,3.9,6.6,3.4,1.7,0.6,1.8,2.6,16.6
211,Jeff Malone\malonje01,SG,29,UTA,69,69,2466,7.7,15.1,.508,0.0,0.1,.167,7.6,15.0,.510,3.4,3.7,.917,0.5,2.5,3.0,2.1,0.7,0.1,1.6,1.9,18.7
212,Karl Malone*\malonka01,PF,27,UTA,82,82,3302,9.2,17.5,.527,0.0,0.2,.286,9.2,17.4,.529,7.5,9.7,.770,2.6,8.0,10.5,2.9,1.0,0.9,2.7,2.9,26.0
213,Moses Malone*\malonmo01,C,35,ATL,82,15,1912,5.3,11.3,.468,0.0,0.1,.000,5.3,11.1,.474,5.8,7.0,.831,5.1,7.5,12.6,1.3,0.6,1.4,2.6,2.5,16.4
214,Danny Manning\mannida01,PF,24,LAC,73,47,2197,7.7,14.8,.519,0.0,0.0,.000,7.7,14.8,.521,3.6,5.0,.716,2.8,4.2,7.0,3.2,1.9,1.0,3.1,4.6,19.0
215,Šarūnas Marčiulionis*\marcisa01,SG,26,GSW,50,10,987,6.7,13.3,.501,0.0,0.2,.167,6.6,13.1,.507,6.5,9.0,.724,1.9,2.4,4.3,3.1,2.3,0.1,2.7,5.0,19.9
216,Jeff Martin\martije01,PG,24,LAC,74,26,1334,5.8,13.7,.422,0.7,2.4,.307,5.0,11.3,.446,1.8,2.7,.680,1.4,2.1,3.5,1.8,1.0,0.8,1.3,2.8,14.1
217,Anthony Mason\masonan01,PF,24,DEN,3,0,21,3.4,6.9,.500,0.0,0.0,,3.4,6.9,.500,10.3,13.7,.750,5.1,3.4,8.6,0.0,1.7,0.0,0.0,10.3,17.1
218,Tony Massenburg\masseto01,PF,23,SAS,35,0,161,6.0,13.4,.450,0.0,0.0,,6.0,13.4,.450,6.3,10.1,.622,5.1,7.8,13.0,0.9,0.9,2.0,2.9,5.8,18.3
219,Vernon Maxwell\maxweve01,SG,25,HOU,82,79,2870,6.3,15.6,.404,2.2,6.4,.337,4.2,9.2,.450,2.7,3.7,.733,0.5,2.5,3.0,3.8,1.6,0.2,2.1,2.2,17.5
220,Travis Mays\maystr01,PG,22,SAC,64,55,2145,4.9,12.2,.406,1.2,3.3,.365,3.7,8.8,.421,4.3,5.6,.770,0.9,2.1,3.0,4.2,1.4,0.2,2.7,2.8,15.4
221,George McCloud\mccloge01,SF,23,IND,74,0,1070,4.4,11.8,.373,1.4,4.2,.347,3.0,7.6,.388,1.3,1.6,.776,1.2,2.8,4.0,5.0,1.3,0.4,3.1,4.7,11.5
222,Tim McCormick\mccorti01,C,28,ATL,56,7,689,4.9,9.8,.497,0.0,0.2,.000,4.9,9.6,.505,3.4,4.7,.733,2.9,5.7,8.6,1.7,0.6,0.7,2.4,4.8,13.2
223,Rodney McCray\mccraro01,PF,29,DAL,74,68,2561,4.7,9.5,.495,0.2,0.5,.333,4.5,9.0,.505,2.2,2.8,.803,2.2,5.7,7.9,3.6,1.0,0.7,1.8,2.9,11.9
224,Xavier McDaniel\mcdanxa01,SF,27,TOT,81,79,2634,8.1,16.2,.497,0.0,0.1,.000,8.1,16.1,.501,2.6,3.6,.723,2.4,5.2,7.6,2.6,1.0,0.6,2.5,3.6,18.8
224,Xavier McDaniel\mcdanxa01,SF,27,SEA,15,15,529,9.5,19.7,.479,0.0,0.2,.000,9.5,19.5,.484,3.3,4.7,.710,2.4,3.1,5.5,2.6,1.8,0.3,2.7,3.4,22.3
224,Xavier McDaniel\mcdanxa01,SF,27,PHO,66,64,2105,7.7,15.3,.503,0.0,0.1,.000,7.7,15.2,.506,2.5,3.4,.727,2.3,5.8,8.1,2.5,0.9,0.7,2.5,3.7,17.9
225,Kevin McHale*\mchalke01,PF,33,BOS,68,10,2067,8.8,15.9,.553,0.3,0.6,.405,8.5,15.2,.559,4.0,4.8,.829,2.5,5.8,8.4,2.2,0.4,2.5,2.4,3.4,21.8
226,Derrick McKey\mckeyde01,SF,24,SEA,73,55,2503,6.3,12.2,.517,0.1,0.3,.211,6.2,11.9,.524,3.4,4.0,.845,2.5,3.6,6.1,2.4,1.3,0.8,2.3,3.2,16.0
227,Nate McMillan\mcmilna01,SG,26,SEA,78,0,1434,3.3,7.7,.433,0.4,1.2,.354,2.9,6.5,.447,1.4,2.3,.613,1.8,4.5,6.3,9.3,2.6,0.5,3.1,5.3,8.5
228,Mark McNamara\mcnamma01,C,31,ORL,2,0,13,0.0,2.8,.000,0.0,0.0,,0.0,2.8,.000,0.0,0.0,,0.0,11.1,11.1,0.0,0.0,0.0,0.0,2.8,0.0
229,Scott Meents\meentsc01,PF,27,SEA,13,0,53,4.8,19.0,.250,0.7,0.7,1.000,4.1,18.3,.222,1.4,2.7,.500,2.0,4.8,6.8,5.4,4.8,2.7,4.1,3.4,11.5
230,Reggie Miller*\millere01,SG,25,IND,82,82,2972,7.2,14.1,.512,1.4,3.9,.348,5.9,10.2,.575,6.7,7.3,.918,1.0,2.4,3.4,4.0,1.3,0.2,2.0,2.0,22.5
231,Terry Mills\millste01,PF,23,TOT,55,2,819,5.9,12.7,.465,0.0,0.2,.000,5.9,12.5,.472,2.1,2.9,.712,3.6,6.5,10.1,1.5,1.5,1.3,1.9,4.4,13.8
231,Terry Mills\millste01,PF,23,DEN,17,0,279,7.2,15.5,.467,0.0,0.3,.000,7.2,15.2,.475,2.1,2.8,.727,4.0,7.4,11.4,2.1,2.1,1.2,2.3,5.7,16.5
231,Terry Mills\millste01,PF,23,NJN,38,2,540,5.2,11.2,.464,0.0,0.1,.000,5.2,11.1,.470,2.1,2.9,.705,3.4,6.0,9.4,1.1,1.3,1.3,1.7,3.7,12.5
232,Sam Mitchell\mitchsa01,PF,27,MIN,82,60,3121,5.1,11.7,.441,0.0,0.1,.000,5.1,11.5,.445,3.5,4.6,.775,2.2,3.8,6.0,1.5,0.8,0.7,1.2,3.9,13.8
233,Paul Mokeski\mokespa01,C,34,GSW,36,1,257,2.9,8.3,.356,0.4,1.3,.333,2.5,7.0,.360,1.7,2.1,.800,2.8,6.6,9.4,1.3,1.1,0.4,1.0,8.1,8.0
234,Sidney Moncrief*\moncrsi01,SG,33,ATL,72,3,1096,3.8,7.9,.488,0.7,2.1,.328,3.2,5.8,.545,2.7,3.4,.781,1.0,3.2,4.2,3.4,1.6,0.3,2.2,3.7,11.1
235,Chris Morris\morrich01,SF,25,NJN,79,68,2553,5.8,13.6,.425,0.6,2.5,.251,5.1,11.0,.465,2.5,3.4,.734,3.0,4.4,7.3,3.1,1.9,1.4,2.4,3.5,14.7
236,John Morton\mortojo01,SF,23,CLE,66,2,1207,3.6,8.2,.438,0.1,0.4,.333,3.5,7.8,.443,3.4,4.1,.813,1.2,1.8,3.1,7.2,1.8,0.5,3.2,3.3,10.6
237,Chris Mullin*\mullich01,SF,27,GSW,82,82,3315,8.4,15.7,.536,0.4,1.4,.301,8.0,14.3,.560,5.6,6.3,.884,1.5,3.3,4.8,3.6,1.9,0.7,2.7,1.9,22.9
238,Chris Munk\munkch01,PF,23,UTA,11,0,29,3.7,8.7,.429,0.0,0.0,,3.7,8.7,.429,8.7,14.9,.583,6.2,11.2,17.4,1.2,1.2,2.5,6.2,6.2,16.1
239,Tod Murphy\murphto01,PF,27,MIN,52,19,1063,3.0,7.7,.396,0.0,0.6,.059,3.0,7.1,.424,2.4,3.6,.667,3.1,5.5,8.6,2.0,0.8,0.7,1.1,3.4,8.5
240,Jerrod Mustaf\mustaje01,PF,21,NYK,62,5,825,4.6,9.9,.465,0.0,0.0,.000,4.6,9.9,.467,2.4,3.8,.644,2.2,5.1,7.4,1.6,0.7,0.6,2.7,4.8,11.7
241,Pete Myers\myerspe01,SG,27,SAS,8,1,103,3.5,8.0,.435,0.0,0.3,.000,3.5,7.7,.455,3.1,3.8,.818,0.7,5.6,6.3,4.9,1.0,1.0,4.9,4.9,10.1
242,Larry Nance\nancela01,PF,31,CLE,80,78,2927,7.8,14.9,.524,0.0,0.1,.250,7.8,14.8,.526,3.3,4.1,.803,2.5,6.0,8.4,2.9,0.8,2.5,1.6,2.7,18.9
243,Craig Neal\nealcr01,PG,26,DEN,10,0,125,4.0,10.1,.400,0.9,2.6,.333,3.2,7.5,.423,3.7,6.3,.591,0.6,4.0,4.6,10.7,1.2,0.0,5.5,7.5,12.7
244,Ed Nealy\nealyed01,PF,30,PHO,55,0,573,2.8,6.1,.464,0.3,1.0,.313,2.5,5.1,.494,1.8,2.4,.737,2.8,6.7,9.5,2.3,1.5,0.3,1.2,2.9,7.7
245,Johnny Newman\newmajo01,SF,27,CHH,81,81,2477,6.9,14.8,.470,0.4,1.2,.357,6.5,13.6,.480,5.6,6.9,.809,1.4,2.3,3.7,2.7,1.5,0.2,2.7,4.0,19.9
246,Ken Norman\normake01,SF,26,LAC,70,45,2309,8.1,16.2,.501,0.1,0.5,.188,8.0,15.7,.511,2.7,4.3,.629,2.8,5.0,7.7,2.5,1.0,1.0,2.2,3.0,19.0
247,Dan O'Sullivan\osullda01,C,22,UTA,21,0,85,3.0,6.8,.438,0.0,0.0,,3.0,6.8,.438,3.0,4.7,.636,2.1,5.1,7.2,1.7,0.4,0.4,1.7,7.6,8.9
248,Charles Oakley\oaklech01,PF,27,NYK,76,74,2739,4.0,7.8,.516,0.0,0.0,.000,4.0,7.8,.518,3.1,4.0,.784,4.0,8.1,12.1,2.7,0.8,0.2,2.8,3.8,11.2
249,Alan Ogg\oggal01,C,23,MIA,31,1,261,3.3,7.6,.436,0.0,0.3,.000,3.3,7.3,.453,0.8,1.4,.600,2.1,4.7,6.8,0.3,0.8,3.7,1.1,7.3,7.4
250,Hakeem Olajuwon*\olajuha01,C,28,HOU,56,50,2062,8.5,16.7,.508,0.0,0.1,.000,8.5,16.7,.510,3.7,4.8,.769,3.8,9.6,13.4,2.3,2.1,3.9,3.0,3.9,20.7
251,Jawann Oldham\oldhaja01,C,33,IND,4,0,19,5.7,11.4,.500,0.0,0.0,,5.7,11.4,.500,0.0,0.0,,0.0,5.7,5.7,0.0,0.0,0.0,0.0,1.9,11.4
252,Brian Oliver\olivebr01,SG,22,PHI,73,4,800,5.0,12.2,.408,0.2,0.8,.278,4.8,11.4,.417,2.3,3.2,.732,0.8,2.8,3.6,4.0,1.5,0.2,2.3,3.4,12.6
253,Gerald Paddio\paddige01,SF,25,CLE,70,22,1181,6.5,15.4,.419,0.2,0.7,.250,6.3,14.7,.427,2.3,2.8,.796,1.2,2.4,3.6,2.7,0.6,0.2,2.2,2.2,15.4
254,Walter Palmer\palmewa01,C,22,UTA,28,0,85,6.4,19.1,.333,0.0,0.4,.000,6.4,18.6,.341,4.2,6.4,.667,2.5,6.4,8.9,2.5,1.3,1.7,2.5,8.5,16.9
255,Robert Parish*\parisro01,C,37,BOS,81,81,2441,7.2,12.0,.598,0.0,0.0,.000,7.2,11.9,.599,3.5,4.6,.767,4.0,8.6,12.6,1.0,1.0,1.5,2.3,2.9,17.8
256,John Paxson\paxsojo01,PG,30,CHI,82,82,1971,5.8,10.6,.548,0.8,1.8,.438,5.0,8.8,.571,0.6,0.7,.829,0.3,1.4,1.7,5.4,1.1,0.1,1.3,2.5,13.0
257,Kenny Payne\payneke01,SF,24,PHI,47,6,444,5.5,15.3,.360,0.3,1.5,.222,5.2,13.9,.374,2.1,2.4,.897,1.4,4.0,5.4,1.3,0.8,0.5,1.7,3.5,13.5
258,Gary Payton*\paytoga01,PG,22,SEA,82,82,2244,4.2,9.2,.450,0.0,0.2,.077,4.1,9.0,.459,1.1,1.6,.711,1.7,2.2,3.9,8.5,2.6,0.2,2.9,4.0,9.4
259,Will Perdue\perduwi01,C,25,CHI,74,3,972,4.3,8.7,.494,0.0,0.1,.000,4.3,8.6,.500,2.8,4.1,.670,4.5,7.9,12.4,1.7,0.9,2.1,2.8,5.4,11.4
260,Sam Perkins\perkisa01,PF,29,LAL,73,66,2504,5.3,10.7,.495,0.3,0.9,.281,5.0,9.8,.515,3.3,4.0,.821,2.4,5.3,7.7,1.6,0.9,1.1,1.5,3.6,14.1
261,Tim Perry\perryti01,C,25,PHO,46,2,587,4.6,8.8,.521,0.0,0.3,.000,4.6,8.5,.540,2.6,4.3,.614,3.3,4.5,7.7,1.7,1.4,2.6,2.0,3.7,11.8
262,Chuck Person\persoch01,SF,26,IND,80,79,2566,8.7,17.3,.504,1.0,2.8,.340,7.7,14.4,.536,2.3,3.2,.721,1.7,4.2,5.9,3.3,0.8,0.2,2.6,3.1,20.7
263,Jim Petersen\peterji01,C,28,GSW,62,21,834,4.9,10.2,.483,0.0,0.2,.250,4.9,10.0,.487,2.2,3.3,.658,3.0,5.7,8.6,1.2,0.6,1.8,2.1,6.6,12.0
264,Dražen Petrović*\petrodr01,SG,26,TOT,61,0,1015,8.6,17.5,.493,0.8,2.3,.354,7.8,15.2,.514,4.0,4.9,.832,1.8,2.1,3.9,3.1,1.5,0.0,2.9,4.7,22.1
264,Dražen Petrović*\petrodr01,SG,26,POR,18,0,133,8.7,19.2,.451,0.3,1.6,.167,8.4,17.6,.477,4.1,6.0,.682,2.7,2.2,4.9,5.4,1.6,0.0,3.2,5.7,21.7
264,Dražen Petrović*\petrodr01,SG,26,NJN,43,0,882,8.6,17.2,.500,0.9,2.4,.373,7.7,14.8,.521,4.0,4.7,.861,1.7,2.1,3.8,2.7,1.5,0.0,2.8,4.5,22.2
265,Ricky Pierce\piercri01,SG,31,TOT,78,2,2167,9.3,19.2,.485,0.8,1.9,.397,8.6,17.3,.495,7.1,7.8,.913,1.1,2.1,3.2,2.8,1.0,0.2,2.4,2.8,26.5
265,Ricky Pierce\piercri01,SG,31,MIL,46,0,1327,9.7,19.5,.499,1.0,2.5,.398,8.7,17.0,.514,7.7,8.4,.907,1.0,2.2,3.2,2.6,1.0,0.3,2.5,2.4,28.1
265,Ricky Pierce\piercri01,SG,31,SEA,32,2,840,8.7,18.7,.463,0.4,1.0,.391,8.3,17.7,.467,6.3,6.9,.925,1.3,1.9,3.2,3.1,0.9,0.1,2.3,3.4,24.0
266,Ed Pinckney\pincked01,PF,27,BOS,70,16,1165,4.0,7.5,.539,0.0,0.0,.000,4.0,7.5,.541,3.2,3.6,.897,4.8,5.7,10.5,1.4,1.9,1.3,1.4,4.5,11.3
267,Scottie Pippen*\pippesc01,SF,25,CHI,82,82,3014,7.2,13.8,.520,0.3,0.8,.309,6.9,13.0,.534,2.9,4.1,.706,1.9,5.2,7.1,6.1,2.3,1.1,2.8,3.2,17.5
268,Olden Polynice\polynol01,C,26,TOT,79,30,2092,5.4,9.7,.560,0.0,0.0,.000,5.4,9.7,.561,2.5,4.3,.579,3.8,5.7,9.5,0.7,0.7,0.6,1.5,3.3,13.4
268,Olden Polynice\polynol01,C,26,SEA,48,0,960,6.2,11.4,.545,0.0,0.0,,6.2,11.4,.545,2.5,4.3,.588,4.3,5.9,10.1,0.6,1.0,0.7,2.0,3.5,14.9
268,Olden Polynice\polynol01,C,26,LAC,31,30,1132,4.8,8.3,.579,0.0,0.0,.000,4.8,8.3,.581,2.5,4.4,.572,3.4,5.6,9.0,0.8,0.5,0.4,1.1,3.1,12.1
269,Dave Popson\popsoda01,PF,26,BOS,19,0,64,7.3,18.0,.406,0.0,0.0,,7.3,18.0,.406,5.1,5.6,.900,3.9,3.9,7.9,1.1,0.6,1.1,3.4,6.8,19.7
270,Terry Porter\portete01,PG,27,POR,81,81,2665,6.6,12.8,.515,1.8,4.2,.415,4.8,8.5,.564,3.8,4.6,.823,0.7,3.1,3.8,8.8,2.1,0.2,2.6,2.0,18.7
271,Paul Pressey\presspa01,SG,32,SAS,70,18,1683,4.3,9.1,.472,0.3,1.2,.281,4.0,7.9,.501,2.4,2.8,.827,1.1,2.7,3.8,5.8,1.3,0.7,2.8,3.7,11.3
272,Mark Price\pricema01,PG,26,CLE,16,16,571,6.1,12.3,.497,1.1,3.3,.340,5.0,9.0,.556,3.7,3.9,.952,0.5,2.3,2.8,10.5,2.6,0.1,3.5,1.5,17.1
273,Kevin Pritchard\pritcke01,PG,23,GSW,62,1,773,4.1,10.7,.384,0.2,1.4,.161,3.9,9.2,.419,2.9,3.6,.805,0.7,2.3,3.0,3.8,1.4,0.4,2.7,4.8,11.3
274,Brian Quinnett\quinnbr01,SG,24,NYK,68,5,1011,4.9,10.8,.459,0.5,1.5,.349,4.4,9.3,.477,0.9,1.3,.722,2.3,2.8,5.2,1.9,0.8,0.5,1.9,3.6,11.4
275,Kurt Rambis\rambiku01,PF,32,PHO,62,17,900,3.3,6.7,.497,0.0,0.1,.000,3.3,6.6,.503,2.4,3.4,.706,3.1,7.6,10.6,2.6,1.0,0.4,1.8,4.3,9.0
276,Blair Rasmussen\rasmubl01,C,28,DEN,70,69,2325,6.3,13.7,.458,0.0,0.1,.400,6.2,13.6,.458,1.0,1.4,.677,2.6,7.9,10.5,1.1,0.8,2.0,1.3,4.8,13.5
277,J.R. Reid\reidjr01,C,22,CHH,80,80,2467,5.3,11.3,.466,0.0,0.0,.000,5.3,11.3,.467,2.7,3.8,.703,2.2,5.1,7.3,1.3,1.3,0.7,2.2,4.2,13.2
278,Robert Reid\reidro01,SF,35,PHI,3,0,37,1.9,13.6,.143,0.0,0.0,,1.9,13.6,.143,0.0,0.0,,1.9,6.8,8.8,3.9,1.0,2.9,2.9,2.9,3.9
279,Jerry Reynolds\reynoje01,SG,28,ORL,80,9,1843,6.7,15.5,.434,0.2,0.7,.294,6.5,14.8,.440,6.6,8.2,.802,1.7,4.1,5.8,4.0,1.9,1.1,3.4,2.4,20.2
280,Glen Rice\ricegl01,SF,23,MIA,77,77,2646,7.5,16.2,.461,1.0,2.5,.386,6.5,13.7,.475,2.3,2.8,.818,1.2,4.0,5.2,2.6,1.4,0.4,2.3,2.9,18.3
281,Pooh Richardson\richapo01,PG,24,MIN,82,82,3154,7.2,15.4,.470,0.5,1.5,.328,6.8,13.9,.485,1.0,1.9,.539,0.9,2.3,3.3,8.4,1.5,0.1,2.0,1.3,16.0
282,Mitch Richmond*\richmmi01,SG,25,GSW,77,77,3027,8.4,16.9,.494,0.5,1.4,.348,7.9,15.6,.506,4.7,5.5,.847,1.7,3.6,5.4,2.8,1.5,0.4,2.7,2.5,21.9
283,Doc Rivers\riverdo01,PG,29,ATL,79,79,2586,6.2,14.2,.435,1.2,3.6,.336,5.0,10.6,.470,3.1,3.6,.844,0.7,2.9,3.5,4.7,2.1,0.7,1.7,3.0,16.7
284,Fred Roberts\roberfr01,PF,30,MIL,82,82,2114,6.1,11.4,.533,0.1,0.4,.160,6.0,11.0,.547,2.9,3.6,.813,1.8,3.0,4.8,2.3,1.1,0.5,2.3,3.2,15.1
285,Alvin Robertson\roberal01,SG,28,MIL,81,81,2598,6.1,12.5,.485,0.3,0.9,.365,5.8,11.7,.493,2.8,3.6,.757,2.6,3.7,6.4,6.2,3.4,0.2,2.9,3.8,15.2
286,Clifford Robinson\robincl02,PF,24,POR,82,11,1940,6.9,15.0,.463,0.1,0.4,.316,6.8,14.6,.466,3.8,5.8,.653,2.3,4.2,6.5,2.8,1.4,1.4,2.5,4.9,17.8
287,David Robinson*\robinda01,C,25,SAS,82,81,3095,8.8,15.9,.552,0.0,0.1,.143,8.8,15.8,.554,6.9,9.0,.762,3.9,8.5,12.4,2.4,1.5,3.7,3.1,3.1,24.4
288,Larry Robinson\robinla01,SG,23,TOT,36,10,425,5.3,12.7,.413,0.0,0.1,.000,5.3,12.6,.416,1.3,2.3,.556,2.5,1.9,4.3,3.0,1.4,0.1,2.3,4.2,11.8
288,Larry Robinson\robinla01,SG,23,GSW,24,0,170,5.1,12.5,.407,0.0,0.0,,5.1,12.5,.407,1.7,3.2,.533,3.2,1.7,4.9,2.3,1.9,0.2,3.4,4.9,11.9
288,Larry Robinson\robinla01,SG,23,WSB,12,10,255,5.4,12.8,.418,0.0,0.1,.000,5.4,12.7,.422,1.0,1.7,.583,2.0,2.0,4.0,3.4,1.0,0.0,1.6,3.7,11.7
289,Rumeal Robinson\robinru01,PG,24,ATL,47,16,674,5.8,12.9,.446,0.1,0.6,.182,5.7,12.3,.459,2.5,4.3,.588,1.1,2.7,3.8,7.1,1.7,0.4,4.1,3.5,14.2
290,Dennis Rodman*\rodmade01,SF,29,DET,82,77,2747,3.6,7.3,.493,0.1,0.4,.200,3.5,6.9,.509,1.5,2.3,.631,4.7,8.7,13.4,1.1,0.9,0.7,1.2,3.7,8.8
291,Tree Rollins\rollitr01,C,35,DET,37,0,202,2.5,5.9,.424,0.0,0.0,,2.5,5.9,.424,1.4,2.5,.571,2.3,5.2,7.5,0.7,0.4,3.6,2.7,6.2,6.4
292,Delaney Rudd\ruddde01,PG,28,UTA,82,0,874,5.1,11.7,.435,0.7,2.5,.279,4.4,9.2,.478,2.4,2.9,.831,0.6,2.1,2.7,8.9,1.5,0.1,4.2,3.8,13.3
293,John Salley\sallejo01,PF,26,DET,74,1,1649,3.9,8.2,.475,0.0,0.0,.000,3.9,8.2,.476,4.1,5.6,.727,3.0,4.1,7.1,1.5,1.1,2.4,2.0,5.2,11.9
294,Ralph Sampson*\sampsra01,C,30,SAC,25,4,348,3.5,9.6,.366,0.1,0.5,.200,3.4,9.1,.375,0.5,2.0,.263,4.2,7.2,11.5,1.8,1.1,1.8,2.8,5.6,7.7
295,Jeff Sanders\sandeje01,PF,25,CHH,3,0,43,5.0,11.7,.429,0.0,0.0,,5.0,11.7,.429,0.8,1.7,.500,2.5,5.0,7.5,0.8,0.8,0.8,0.8,5.0,10.9
296,Mike Sanders\sandemi01,SF,30,IND,80,7,1357,5.5,13.1,.417,0.1,0.5,.200,5.4,12.6,.426,1.2,1.5,.825,1.9,3.0,4.9,2.8,1.0,0.7,1.7,5.3,12.3
297,Danny Schayes\schayda01,C,31,MIL,82,38,2228,4.8,9.6,.499,0.0,0.1,.000,4.8,9.6,.503,4.4,5.3,.835,2.8,5.8,8.6,1.6,0.9,1.0,1.7,4.3,14.1
298,Steve Scheffler\schefst01,C,23,CHH,39,0,227,3.2,6.2,.513,0.0,0.0,,3.2,6.2,.513,3.0,3.3,.905,3.3,3.8,7.1,1.4,1.0,0.3,0.6,3.2,9.4
299,Dwayne Schintzius\schindw01,C,22,SAS,42,7,398,6.2,14.0,.439,0.0,0.2,.000,6.2,13.8,.444,2.0,3.6,.550,2.5,8.4,10.9,1.5,0.2,2.6,3.1,5.8,14.3
300,Detlef Schrempf\schrede01,PF,28,IND,82,3,2632,5.9,11.4,.520,0.2,0.5,.375,5.7,10.8,.527,6.0,7.4,.818,2.4,6.6,9.0,4.1,0.8,0.3,2.4,3.6,18.1
301,Byron Scott\scottby01,SG,29,LAL,82,82,2630,6.9,14.4,.477,1.0,3.0,.324,5.9,11.4,.517,1.6,2.0,.797,0.7,2.6,3.4,2.4,1.3,0.3,1.2,2.0,16.3
302,Dennis Scott\scottde01,SG,22,ORL,82,73,2336,7.8,18.2,.425,1.9,5.1,.374,5.8,13.1,.445,2.4,3.1,.750,1.0,2.7,3.6,2.1,1.0,0.4,2.0,3.1,19.8
303,Rony Seikaly\seikaro01,C,25,MIA,64,59,2171,6.5,13.6,.481,0.0,0.1,.333,6.5,13.5,.482,4.3,6.9,.619,3.4,8.3,11.8,1.6,0.8,1.4,3.4,3.5,17.4
304,John Shasky\shaskjo01,C,26,DAL,57,0,510,3.6,8.2,.440,0.0,0.0,,3.6,8.2,.440,3.4,5.6,.608,4.1,5.4,9.5,0.8,1.0,1.4,1.9,5.3,10.6
305,Brian Shaw\shawbr01,PG,24,BOS,79,79,2772,5.7,12.2,.469,0.0,0.4,.111,5.7,11.9,.480,2.6,3.2,.819,1.4,3.5,4.8,7.8,1.4,0.4,2.9,2.7,14.2
306,Jack Sikma*\sikmaja01,C,35,MIL,77,44,1940,5.5,12.8,.427,0.9,2.5,.341,4.6,10.3,.448,3.1,3.7,.843,2.0,6.2,8.2,2.7,1.2,1.2,2.4,4.0,14.9
307,Lionel Simmons\simmoli01,SF,22,SAC,79,79,2978,6.6,15.7,.422,0.0,0.1,.273,6.6,15.6,.423,3.9,5.3,.736,2.3,6.1,8.4,3.8,1.4,1.0,2.8,3.0,17.2
308,Scott Skiles\skilesc01,PG,26,ORL,79,66,2714,6.1,13.8,.445,1.2,3.0,.408,4.9,10.8,.455,4.5,5.0,.902,0.8,2.8,3.6,8.8,1.2,0.1,3.3,2.5,18.0
309,Charles Smith\smithch01,SF,25,LAC,74,74,2703,7.3,15.6,.469,0.0,0.1,.000,7.3,15.5,.472,5.1,6.4,.793,2.9,5.2,8.1,1.8,1.1,1.9,2.2,3.6,19.7
310,Charles Smith\smithch02,PG,23,BOS,5,0,30,3.6,8.4,.429,0.0,0.0,,3.6,8.4,.429,3.6,6.0,.600,0.0,2.4,2.4,7.2,1.2,0.0,3.6,8.4,10.8
311,Clinton Smith\smithcl01,SG,27,WSB,5,0,45,1.6,3.2,.500,0.0,0.0,,1.6,3.2,.500,2.4,4.8,.500,1.6,1.6,3.2,3.2,0.8,0.0,0.8,2.4,5.6
312,Derek Smith\smithde02,SF,29,BOS,2,0,16,2.3,9.0,.250,0.0,2.3,.000,2.3,6.8,.333,6.8,9.0,.750,0.0,0.0,0.0,11.3,2.3,2.3,2.3,6.8,11.3
313,Kenny Smith\smithke01,PG,25,HOU,78,78,2699,7.0,13.4,.520,0.7,1.8,.363,6.3,11.6,.545,3.8,4.5,.844,0.5,1.7,2.2,7.4,1.4,0.1,3.2,1.7,18.4
314,Larry Smith\smithla01,PF,33,HOU,81,28,1923,2.4,4.9,.487,0.0,0.0,,2.4,4.9,.487,0.2,0.9,.240,5.7,7.6,13.3,1.6,1.6,0.4,1.7,5.0,5.0
315,Michael Smith\smithmi01,PF,25,BOS,47,3,389,8.8,18.5,.475,0.6,2.2,.250,8.2,16.3,.506,2.0,2.5,.815,1.9,3.2,5.2,4.0,0.6,0.2,3.4,2.5,20.2
316,Otis Smith\smithot01,SF,27,ORL,75,39,1885,7.8,17.2,.451,0.2,0.9,.196,7.6,16.3,.465,4.2,5.7,.734,3.4,4.1,7.4,3.2,1.6,0.7,2.7,3.6,19.9
317,Tony Smith\smithto02,SG,22,LAL,64,1,695,5.0,11.4,.441,0.0,0.4,.000,5.0,11.0,.455,2.1,3.0,.702,1.2,2.4,3.7,7.0,1.5,0.6,3.6,4.1,12.1
318,Rik Smits\smitsri01,C,24,IND,76,38,1690,7.3,15.0,.485,0.0,0.0,,7.3,15.0,.485,3.1,4.0,.762,2.5,5.1,7.6,1.8,0.5,2.4,1.8,5.2,17.6
319,Mike Smrek\smrekmi01,C,28,TOT,15,0,95,3.4,10.2,.333,0.0,0.0,,3.4,10.2,.333,2.3,4.5,.500,2.7,7.2,9.9,1.5,1.1,1.1,1.1,10.2,9.1
319,Mike Smrek\smrekmi01,C,28,GSW,5,0,25,8.6,15.8,.545,0.0,0.0,,8.6,15.8,.545,2.9,5.8,.500,4.3,5.8,10.1,1.4,2.9,0.0,2.9,13.0,20.2
319,Mike Smrek\smrekmi01,C,28,LAC,10,0,70,1.5,8.2,.188,0.0,0.0,,1.5,8.2,.188,2.1,4.1,.500,2.1,7.7,9.8,1.5,0.5,1.5,0.5,9.3,5.1
320,Rory Sparrow\sparrro01,PG,32,SAC,80,74,2375,5.6,11.5,.491,0.5,1.2,.397,5.2,10.3,.501,0.9,1.3,.699,0.7,2.1,2.8,5.5,1.3,0.2,1.9,2.9,12.6
321,Felton Spencer\spencfe01,C,23,MIN,81,46,2099,3.3,6.5,.512,0.0,0.0,.000,3.3,6.5,.513,3.1,4.3,.722,4.7,6.3,11.0,0.4,0.8,2.1,1.3,5.8,9.8
322,John Starks\starkjo01,SG,25,NYK,61,10,1173,5.5,12.6,.439,0.8,2.9,.290,4.7,9.7,.483,2.4,3.2,.752,0.9,3.1,4.0,6.3,1.8,0.5,2.3,4.2,14.3
323,Everette Stephens\stephev01,PG,24,MIL,3,0,6,12.0,18.0,.667,0.0,0.0,,12.0,18.0,.667,12.0,12.0,1.000,0.0,0.0,0.0,12.0,0.0,0.0,0.0,0.0,36.0
324,John Stockton*\stockjo01,PG,28,UTA,82,82,3103,5.8,11.3,.507,0.7,1.9,.345,5.1,9.4,.541,4.2,5.0,.836,0.5,2.2,2.7,13.5,2.7,0.2,3.5,2.7,16.4
325,Rod Strickland\stricro02,PG,24,SAS,58,56,2076,5.4,11.3,.482,0.2,0.6,.333,5.3,10.7,.490,2.8,3.7,.763,1.0,2.8,3.8,8.0,2.0,0.2,2.7,2.2,13.9
326,Jon Sundvold\sundvjo01,SG,29,MIA,24,0,225,6.9,17.1,.402,2.4,5.6,.429,4.5,11.5,.389,1.8,1.8,1.000,0.5,1.0,1.4,3.8,1.1,0.0,2.6,1.8,17.9
327,Roy Tarpley\tarplro01,C,26,DAL,5,5,171,9.1,16.6,.544,0.0,0.2,.000,9.1,16.4,.551,3.4,3.8,.889,3.4,8.2,11.6,2.5,1.3,1.9,2.7,4.2,21.5
328,Terry Teagle\teaglte01,SG,30,LAL,82,0,1498,8.1,18.2,.443,0.0,0.2,.000,8.1,18.0,.448,3.5,4.3,.819,2.0,2.4,4.3,2.0,0.7,0.2,2.0,4.0,19.6
329,Reggie Theus\theusre01,SG,33,NJN,81,81,2955,7.1,15.2,.468,0.6,1.8,.361,6.5,13.4,.481,3.6,4.2,.851,0.8,1.9,2.8,4.6,1.0,0.4,3.1,2.8,18.4
330,Irving Thomas\thomair01,PF,25,LAL,26,0,108,5.7,16.7,.340,0.0,0.0,,5.7,16.7,.340,4.0,7.0,.571,4.7,5.7,10.3,3.3,1.3,0.3,4.3,8.0,15.3
331,Isiah Thomas*\thomais01,PG,29,DET,48,46,1657,6.3,14.4,.435,0.4,1.4,.292,5.9,13.0,.450,3.9,5.0,.782,0.8,2.7,3.5,9.7,1.6,0.2,4.0,2.6,16.9
332,Jim Thomas\thomaji01,SG,30,MIN,3,0,14,2.6,10.3,.250,0.0,0.0,,2.6,10.3,.250,0.0,0.0,,0.0,0.0,0.0,2.6,2.6,0.0,2.6,0.0,5.1
333,Billy Thompson\thompbi01,SF,27,MIA,73,46,1481,5.0,10.0,.499,0.0,0.1,.000,5.0,9.9,.504,2.2,3.0,.718,2.9,4.7,7.6,2.7,0.8,1.2,2.8,3.9,12.1
334,LaSalle Thompson\thompla01,C,29,IND,82,77,1946,5.1,10.5,.488,0.0,0.1,.200,5.1,10.4,.491,1.3,1.9,.692,2.8,7.6,10.4,2.7,1.2,1.2,3.1,4.9,11.6
335,Mychal Thompson\thompmy01,C,36,LAL,72,4,1077,3.8,7.6,.496,0.0,0.1,.000,3.8,7.6,.500,2.1,2.9,.705,2.5,5.1,7.6,0.7,0.8,0.8,1.6,3.7,9.6
336,Bob Thornton\thornbo01,PF,28,MIN,12,1,110,1.3,4.3,.308,0.0,0.0,,1.3,4.3,.308,2.6,3.3,.800,0.3,4.6,4.9,0.3,0.0,1.0,2.9,5.9,5.2
337,Otis Thorpe\thorpot01,PF,28,HOU,82,82,3039,6.5,11.7,.556,0.0,0.1,.429,6.5,11.6,.557,4.0,5.7,.696,3.4,6.6,10.0,2.3,0.9,0.2,2.6,3.3,17.0
338,Sedale Threatt\threase01,PG,29,SEA,80,57,2066,7.5,14.5,.519,0.2,0.6,.286,7.4,13.9,.529,2.4,3.0,.792,0.4,1.3,1.7,4.8,2.0,0.1,2.4,3.3,17.7
339,Wayman Tisdale\tisdawa01,PF,26,SAC,33,31,1116,8.5,17.5,.483,0.0,0.0,.000,8.5,17.5,.484,4.4,5.5,.800,2.4,5.7,8.2,2.1,0.7,0.9,2.6,3.2,21.3
340,Tom Tolbert\tolbeto01,PF,25,GSW,62,32,1371,4.8,11.4,.423,0.2,0.6,.333,4.6,10.8,.427,3.3,4.5,.738,2.3,4.9,7.2,2.0,0.9,1.0,2.1,5.1,13.1
341,Andy Toolson\toolsan01,SF,25,UTA,47,15,470,3.8,9.5,.403,0.9,2.5,.375,2.9,7.0,.413,1.9,2.5,.758,2.5,2.7,5.1,2.4,1.1,0.2,1.8,4.4,10.5
342,Kelly Tripucka\tripuke01,SF,31,CHH,77,1,1289,5.2,11.5,.454,0.4,1.3,.333,4.8,10.2,.469,4.2,4.7,.910,1.3,3.6,4.9,4.4,0.9,0.4,2.6,3.6,15.1
343,Trent Tucker\tucketr01,SG,31,NYK,65,13,1194,5.8,13.1,.440,1.9,4.6,.418,3.8,8.5,.452,0.5,0.8,.630,1.0,2.2,3.2,3.3,1.3,0.3,1.4,3.6,14.0
344,Andre Turner\turnean01,PG,26,PHI,70,1,1407,4.3,9.8,.439,0.3,0.8,.364,4.0,9.0,.446,1.6,2.2,.736,0.9,3.0,3.9,8.0,1.6,0.0,2.4,3.2,10.5
345,Jeff Turner\turneje01,PF,28,ORL,71,43,1683,5.5,11.4,.487,0.1,0.3,.400,5.4,11.1,.489,1.8,2.4,.759,2.3,5.5,7.8,2.1,0.6,0.2,2.7,5.0,13.0
346,Kelvin Upshaw\upshake01,SG,28,DAL,48,1,514,7.3,16.2,.450,0.5,2.0,.241,6.8,14.1,.480,3.9,4.5,.859,1.4,2.5,3.9,6.0,2.0,0.4,2.7,5.4,18.9
347,Darnell Valentine\valenda01,PG,31,CLE,65,60,1841,4.5,9.7,.464,0.1,0.5,.240,4.4,9.2,.476,2.8,3.4,.831,0.7,2.6,3.4,6.9,1.9,0.2,2.5,3.3,11.9
348,Kiki Vandeweghe\vandeki01,SF,32,NYK,75,72,2420,6.8,13.8,.494,0.8,2.1,.362,6.1,11.7,.518,3.9,4.3,.899,1.2,1.5,2.7,1.6,0.6,0.1,1.6,1.8,18.2
349,Loy Vaught\vaughlo01,PF,22,LAC,73,0,1178,5.3,11.0,.487,0.0,0.1,.000,5.3,10.9,.490,1.5,2.3,.662,3.8,6.9,10.7,1.2,0.6,0.7,1.5,4.1,12.2
350,Sam Vincent\vincesa01,PG,27,ORL,49,17,975,5.6,13.0,.431,0.1,0.7,.158,5.5,12.3,.446,3.7,4.4,.825,0.6,3.3,4.0,7.3,1.1,0.2,3.4,2.7,15.0
351,Stojko Vranković\vrankst01,C,27,BOS,31,0,166,5.2,11.3,.462,0.0,0.0,,5.2,11.3,.462,2.2,3.9,.556,3.3,7.8,11.1,0.9,0.2,6.3,5.2,9.3,12.6
352,Milt Wagner\wagnemi01,SG,27,MIA,13,1,116,7.4,17.7,.421,1.9,5.3,.353,5.6,12.4,.450,2.8,3.4,.818,0.0,2.2,2.2,4.7,0.6,0.9,3.7,4.3,19.6
353,Darrell Walker\walkeda01,PG,29,WSB,71,65,2305,3.6,8.4,.430,0.0,0.1,.000,3.6,8.2,.437,1.5,2.4,.604,2.2,5.6,7.8,7.2,1.2,0.5,2.4,3.1,8.6
354,Kenny Walker\walkeke01,SF,26,NYK,54,8,771,3.9,8.9,.435,0.0,0.0,.000,3.9,8.9,.437,3.0,3.8,.780,2.9,4.4,7.3,0.6,0.8,1.4,1.4,4.3,10.7
355,Spud Webb\webbsp01,PG,27,ATL,75,64,2197,5.9,13.2,.447,0.9,2.8,.321,5.0,10.4,.480,3.8,4.4,.868,0.7,2.2,2.9,6.8,1.9,0.1,2.4,2.9,16.4
356,Bill Wennington\wennibi01,C,27,SAC,77,23,1455,4.5,10.3,.436,0.0,0.1,.200,4.5,10.1,.439,1.8,2.3,.787,2.5,5.9,8.4,1.7,1.1,1.5,1.3,5.7,10.8
357,Doug West\westdo01,SG,23,MIN,75,1,824,5.2,10.7,.480,0.0,0.0,.000,5.2,10.7,.482,2.5,3.7,.690,2.4,3.5,5.9,2.1,1.5,1.0,1.8,5.0,12.8
358,Mark West\westma01,C,30,PHO,82,64,1957,4.5,7.0,.647,0.0,0.0,,4.5,7.0,.647,2.5,3.8,.655,3.1,7.2,10.4,0.7,0.6,3.0,1.6,4.9,11.6
359,Randy White\whitera01,PF,23,DAL,79,29,1901,5.0,12.6,.398,0.1,0.7,.162,4.9,11.9,.412,3.0,4.3,.707,3.3,6.3,9.5,1.2,1.5,0.8,2.5,5.8,13.2
360,Morlon Wiley\wileymo01,PG,24,ORL,34,0,350,4.6,11.1,.417,0.6,1.2,.500,4.0,9.9,.406,1.7,2.6,.680,0.4,1.3,1.7,7.5,2.5,0.0,3.5,3.8,11.6
361,Dominique Wilkins*\wilkido01,SF,31,ATL,81,81,3078,9.0,19.2,.470,1.0,2.9,.341,8.0,16.3,.492,5.6,6.7,.829,3.1,5.5,8.6,3.1,1.4,0.8,2.4,1.8,24.6
362,Eddie Lee Wilkins\wilkied01,C,28,NYK,68,1,668,6.1,13.7,.447,0.0,0.1,.000,6.1,13.7,.449,2.7,4.9,.567,3.7,6.0,9.7,0.8,0.9,0.4,2.7,4.9,15.0
363,Gerald Wilkins\wilkige01,SG,27,NYK,68,56,2164,6.3,13.4,.473,0.1,0.7,.209,6.2,12.7,.488,2.8,3.4,.820,1.3,2.1,3.4,4.6,1.4,0.4,2.7,3.0,15.6
364,Buck Williams\willibu01,PF,30,POR,80,80,2582,5.0,8.3,.602,0.0,0.0,,5.0,8.3,.602,3.0,4.3,.705,3.2,7.3,10.5,1.4,0.7,0.7,1.9,3.4,13.0
365,Herb Williams\willihe01,C,32,DAL,60,36,1832,6.5,12.9,.507,0.0,0.1,.000,6.5,12.8,.510,1.6,2.6,.638,1.7,5.3,7.0,1.9,0.6,1.7,2.2,3.9,14.7
366,Hot Rod Williams\williho01,C,28,CLE,43,14,1293,5.5,12.0,.463,0.0,0.0,.000,5.5,11.9,.464,3.0,4.6,.652,3.1,5.0,8.1,2.8,1.0,1.9,1.8,3.5,14.1
367,Jayson Williams\willija01,PF,22,PHI,52,1,508,5.1,11.4,.447,0.1,0.1,.500,5.0,11.3,.447,2.6,4.0,.661,2.9,5.0,7.9,1.1,0.6,0.4,2.8,6.5,12.9
368,John Williams\willijo02,SF,24,WSB,33,11,941,6.3,15.0,.417,0.4,1.6,.244,5.9,13.5,.438,2.8,3.7,.753,1.6,5.2,6.8,5.1,1.5,0.2,2.6,2.4,15.7
369,Kenny Williams\willike03,PF,21,IND,75,0,527,6.4,12.2,.520,0.0,0.2,.000,6.4,12.0,.528,2.3,3.4,.680,3.8,5.1,8.9,2.1,0.8,2.1,2.8,5.5,15.0
370,Micheal Williams\willimi02,PG,24,IND,73,37,1706,5.5,11.0,.499,0.0,0.1,.143,5.5,10.9,.504,6.1,7.0,.879,1.0,2.7,3.7,7.3,3.2,0.4,3.2,4.3,17.2
371,Reggie Williams\willire01,SF,26,TOT,73,46,1896,7.3,16.2,.449,1.1,3.0,.363,6.2,13.3,.468,3.2,3.7,.843,2.5,3.3,5.8,2.5,2.1,0.8,2.1,4.8,18.8
371,Reggie Williams\willire01,SF,26,SAS,22,0,354,6.2,12.9,.480,1.4,2.6,.538,4.8,10.3,.465,3.6,4.2,.854,1.7,4.3,6.0,4.7,2.0,1.1,3.7,6.5,17.4
371,Reggie Williams\willire01,SF,26,DEN,51,46,1542,7.5,17.0,.444,1.0,3.1,.328,6.5,13.9,.469,3.1,3.6,.840,2.7,3.1,5.8,2.0,2.2,0.7,1.8,4.4,19.1
372,Scott Williams\willisc01,PF,22,CHI,51,0,337,5.7,11.1,.510,0.1,0.2,.500,5.6,10.9,.510,2.1,3.0,.714,4.5,6.0,10.5,1.7,1.3,1.4,2.5,5.4,13.6
373,Kevin Willis\willike02,PF,28,ATL,80,80,2373,6.7,13.4,.504,0.1,0.2,.400,6.7,13.2,.505,2.4,3.6,.668,3.9,6.8,10.7,1.5,0.9,0.6,2.3,3.6,15.9
374,Trevor Wilson\wilsotr01,PF,22,ATL,25,0,162,4.7,15.6,.300,0.0,0.4,.000,4.7,15.1,.309,2.9,5.8,.500,3.6,5.3,8.9,2.4,1.1,0.2,3.8,2.9,12.2
375,Kennard Winchester\winchke01,SF,24,HOU,64,1,607,5.8,14.5,.400,0.5,1.2,.400,5.3,13.3,.400,2.1,2.7,.778,2.0,2.0,4.0,1.5,0.9,0.8,1.8,4.2,14.2
376,David Wingate\wingada01,SG,27,SAS,25,0,563,3.4,8.8,.384,0.1,0.6,.111,3.3,8.2,.403,1.9,2.6,.707,1.5,3.3,4.8,2.9,1.2,0.3,2.7,4.2,8.7
377,Randy Wittman\wittmra01,SF,31,IND,41,0,355,3.5,8.0,.443,0.0,0.5,.000,3.5,7.5,.473,0.4,0.6,.667,0.6,2.7,3.3,2.5,1.0,0.4,1.0,0.9,7.5
378,Joe Wolf\wolfjo01,C,26,DEN,74,38,1593,5.3,11.7,.451,0.0,0.3,.133,5.2,11.4,.460,1.6,1.9,.831,3.1,6.0,9.0,2.4,1.4,0.7,2.1,5.5,12.2
379,David Wood\woodda01,SF,26,HOU,82,13,1421,3.7,8.8,.424,0.7,2.3,.311,3.0,6.6,.463,2.7,3.4,.812,2.7,3.5,6.2,2.4,1.5,0.4,2.3,6.0,10.9
380,Leon Wood\woodle01,SG,28,SAC,12,0,222,4.1,10.2,.397,1.9,6.2,.316,2.1,4.1,.520,3.1,3.4,.905,0.8,2.3,3.1,7.9,0.8,0.0,1.9,1.6,13.1
381,Mike Woodson\woodsmi01,SG,32,TOT,15,3,171,5.5,16.2,.338,0.2,1.5,.143,5.3,14.7,.357,2.3,2.7,.846,0.6,2.1,2.7,3.2,1.1,1.1,2.5,3.8,13.5
381,Mike Woodson\woodsmi01,SG,32,HOU,11,3,125,6.0,15.6,.389,0.3,1.7,.167,5.8,13.8,.417,2.9,3.5,.833,0.6,2.6,3.2,2.9,1.4,1.2,2.0,3.2,15.3
381,Mike Woodson\woodsmi01,SG,32,CLE,4,0,46,3.9,18.0,.217,0.0,0.8,.000,3.9,17.2,.227,0.8,0.8,1.000,0.8,0.8,1.6,3.9,0.0,0.8,3.9,5.5,8.6
382,Orlando Woolridge\woolror01,SF,31,DEN,53,50,1823,9.7,19.4,.498,0.0,0.1,.000,9.7,19.3,.501,6.9,8.7,.797,2.8,4.3,7.1,2.3,1.4,0.5,3.0,2.9,26.3
383,Haywoode Workman\workmha01,PG,25,WSB,73,56,2034,4.1,9.1,.454,0.2,0.9,.240,3.9,8.2,.477,1.8,2.4,.759,0.9,3.4,4.3,6.2,1.5,0.1,2.4,2.9,10.3
384,James Worthy*\worthja01,SF,29,LAL,78,74,3008,8.6,17.4,.492,0.3,1.1,.289,8.3,16.3,.505,2.5,3.2,.797,1.3,3.0,4.3,3.3,1.2,0.4,1.5,1.4,20.0
385,Howard Wright\wrighho02,PF,23,TOT,15,0,164,4.2,10.3,.404,0.0,0.2,.000,4.2,10.1,.413,3.5,5.3,.667,2.6,7.2,9.9,0.7,0.9,1.1,2.4,6.1,11.9
385,Howard Wright\wrighho02,PF,23,ATL,4,0,20,3.6,5.4,.667,0.0,0.0,,3.6,5.4,.667,1.8,1.8,1.000,1.8,9.0,10.8,0.0,0.0,0.0,3.6,5.4,9.0
385,Howard Wright\wrighho02,PF,23,ORL,8,0,136,4.0,10.9,.366,0.0,0.0,,4.0,10.9,.366,3.4,5.6,.619,2.6,7.1,9.8,0.8,0.8,1.3,2.4,6.1,11.4
385,Howard Wright\wrighho02,PF,23,DAL,3,0,8,9.0,13.5,.667,0.0,4.5,.000,9.0,9.0,1.000,9.0,9.0,1.000,4.5,4.5,9.0,0.0,4.5,0.0,0.0,9.0,27.0
386,A.J. Wynder\wyndeaj01,PG,26,BOS,6,0,39,2.8,11.1,.250,0.0,0.9,.000,2.8,10.2,.273,5.5,7.4,.750,0.9,1.8,2.8,7.4,0.9,0.0,3.7,0.9,11.1
387,Danny Young\youngda01,PG,28,POR,75,1,897,4.1,10.9,.380,1.4,4.2,.346,2.7,6.7,.401,1.6,1.8,.911,0.9,2.1,3.0,5.7,2.0,0.3,2.0,2.0,11.4